_id,username,name,address,state,postal_code,birthdate,email,active,accounts.1,accounts.2,accounts.3,accounts.4,accounts.5,accounts.6
5ca4bbcea2dd94ee58162a68,fmiller,Elizabeth Ray,9286 Bethany Glens,CO,22939,3/1/1977 19:20,arroyocolton@gmail.com,TRUE,371138,324287,276528,332179,422649,387979
,,,Vasqueztown,,,,,,,,,,,
5ca4bbcea2dd94ee58162a69,valenciajennifer,Lindsay Cowan,Unit 1047 Box 4089,null,57348,2/19/1994 16:46,cooperalexis@hotmail.com,null,116508,null,null,null,null,null
,,,DPO AA,,,,,,,,,,,
5ca4bbcea2dd94ee58162a6a,hillrachel,Katherine David,55711 Janet Plaza Apt. 865,CT,62716,6/20/1988 15:15,timothy78@hotmail.com,null,462501,228290,968786,515844,377292,null
,,,Christinachester,,,,,,,,,,,
5ca4bbcea2dd94ee58162a6b,serranobrian,Leslie Martinez,Unit 2676 Box 9352,null,38560,11/26/1974 7:30,tcrawford@gmail.com,null,170945,951849,null,null,null,null
,,,DPO AA,,,,,,,,,,,
5ca4bbcea2dd94ee58162a6c,charleshudson,Brad Cardenas,2765 Powers Meadow,CT,53165,5/6/1977 14:57,dustin37@yahoo.com,null,721914,817222,973067,260799,87389,null
,,,Heatherfurt,,,,,,,,,,,
5ca4bbcea2dd94ee58162a6d,gregoryharrison,Natalie Ford,17677 Mark Crest,IA,39017,9/13/1996 10:14,amyholland@yahoo.com,null,904260,565468,null,null,null,null
,,,Walterberg,,,,,,,,,,,
5ca4bbcea2dd94ee58162a6e,hmyers,Dana Clarke,50047 Smith Point Suite 162,PA,4106,6/20/1969 19:39,vcarter@hotmail.com,null,627629,55958,771641,null,null,null
,,,Wilkinsstad,,,,,,,,,,,
5ca4bbcea2dd94ee58162a6f,andrewhamilton,Gary Nichols,633 Miller Turnpike,OR,62874,2/25/1993 10:37,laura34@yahoo.com,null,385397,337979,325377,440243,586395,86702
,,,Jonathanland,,,,,,,,,,,
5ca4bbcea2dd94ee58162a70,matthewray,John Parks,38456 Rachael Causeway Apt. 735,AR,33893,3/13/1993 4:37,zmelton@gmail.com,null,702610,240640,null,null,null,null
,,,Evanfort,,,,,,,,,,,
5ca4bbcea2dd94ee58162a71,glopez,Jennifer Lawrence,4140 Pamela Hollow Apt. 849,TN,29566,11/10/1972 4:01,scott50@yahoo.com,null,344885,839927,853542,null,null,null
,,,East Elizabeth,,,,,,,,,,,
5ca4bbcea2dd94ee58162a72,wesley20,James Sanchez,8681 Karen Roads Apt. 096,IA,19798,1/13/1973 9:17,josephmacias@hotmail.com,null,987709,null,null,null,null,null
,,,Lowehaven,,,,,,,,,,,
5ca4bbcea2dd94ee58162a73,thomasdavid,Ashley Lopez,18637 Jessica Ridge Apt. 157,ME,84127,11/24/1989 9:12,michael16@hotmail.com,null,662207,816481,null,null,null,null
,,,Grossberg,,,,,,,,,,,
5ca4bbcea2dd94ee58162a74,patricia44,Dr. Angela Brown,2129 Joel Rapids,NE,8609,6/19/1977 13:35,michaelespinoza@gmail.com,null,571880,null,null,null,null,null
,,,Lisahaven,,,,,,,,,,,
5ca4bbcea2dd94ee58162a75,nelsonmaria,John Vega,86636 Maria Viaduct,SD,21876,9/20/1983 20:22,ryanpena@yahoo.com,null,88112,567199,436071,226641],null,null
,,,Kennethhaven,,,,,,,,,,,
5ca4bbcea2dd94ee58162a76,portermichael,Lauren Clark,1579 Young Trail,OH,88328,10/28/1980 9:25,briannafrost@yahoo.com,null,883283,980867,164836,200611,528224,931483
,,,Jessechester,,,,,,,,,,,
5ca4bbcea2dd94ee58162a77,johnsonshelly,Jacqueline Haynes,USNS Howard,null,30863,9/1/1982 0:12,virginia36@hotmail.com,null,631901,814687,null,null,null,null
,,,FPO AP,,,,,,,,,,,
5ca4bbcea2dd94ee58162a78,hunterdaniel,Brian Flores,70092 Adams Prairie,TX,38603,2/2/1979 19:42,april04@gmail.com,null,550665,321695,null,null,null,null
,,,Turnerborough,,,,,,,,,,,
5ca4bbcea2dd94ee58162a79,james75,Christopher Gomez,7322 Owens Inlet Apt. 688,OR,81893,12/21/1974 5:27,omolina@gmail.com,null,66698,859246,183400,460192],null,null
,,,Port Leslie,,,,,,,,,,,
5ca4bbcea2dd94ee58162a7a,eric10,Robert Burns,86176 Katherine Common,WA,51980,7/17/1990 6:47,barbaraduncan@gmail.com,null,205563,616602,387877,460069,442724,null
,,,Webbhaven,,,,,,,,,,,
5ca4bbcea2dd94ee58162a7b,millerrenee,Joshua Parker,932 Jeremy Springs Suite 144,NM,2561,7/9/1981 15:35,nicoleanderson@hotmail.com,null,700880,376846,271554,null,null,null
,,,Johnmouth,,,,,,,,,,,
5ca4bbcea2dd94ee58162a7c,michael58,Christine Douglas,USNV Chavez,null,78727,12/25/1989 16:58,aaron99@yahoo.com,null,177069,233104,671035,575454,285919,947160
,,,FPO AP,,,,,,,,,,,
5ca4bbcea2dd94ee58162a7d,zsanders,Derek Curtis,565 Hodge Motorway Suite 101,FL,57099,12/20/1973 19:33,qgibson@hotmail.com,null,928230,120548,667833,810947],null,null
,,,Wendyberg,,,,,,,,,,,
5ca4bbcea2dd94ee58162a7e,taylorbullock,Shirley Rodriguez,7637 Johnson Circles,KY,21914,5/24/1990 5:23,jonathan95@yahoo.com,null,784245,896066,991412,951840],null,null
,,,New Laurahaven,,,,,,,,,,,
5ca4bbcea2dd94ee58162a7f,archersarah,Brittany Ellis,81536 Underwood Freeway,OK,97967,4/19/1969 14:19,jonathankennedy@gmail.com,null,836981,null,null,null,null,null
,,,Turnerfort,,,,,,,,,,,
5ca4bbcea2dd94ee58162a80,thomasboyd,Clinton Shelton,41852 Hodges Plaza Suite 567,MA,95137,9/3/1976 2:39,acook@gmail.com,null,602560,986196,51080,690617,225602,null
,,,New Rachelhaven,,,,,,,,,,,
5ca4bbcea2dd94ee58162a81,anthonyandrade,Anna Perkins,4399 Tony Turnpike Suite 439,MD,57595,6/13/1976 9:34,madison55@gmail.com,null,388578,null,null,null,null,null
,,,North Veronica,,,,,,,,,,,
5ca4bbcea2dd94ee58162a82,andreawalker,Kenneth Murphy,24615 Black Mountain,AL,41910,5/6/1994 6:00,egonzales@yahoo.com,null,84115,null,null,null,null,null
,,,East Carriefort,,,,,,,,,,,
5ca4bbcea2dd94ee58162a83,rodriguezjeffrey,Steven Campbell,69809 Morris Extensions,ME,37916,10/31/1976 12:39,kristen30@yahoo.com,null,607567,429282,null,null,null,null
,,,Taylorhaven,,,,,,,,,,,
5ca4bbcea2dd94ee58162a84,kanelinda,Ann Williams,46656 Sutton Points,CT,82525,6/17/1994 7:01,jhoward@yahoo.com,null,130832,685011,958231,924297],null,null
,,,New Luis,,,,,,,,,,,
5ca4bbcea2dd94ee58162a85,wmartinez,Crystal Brown,145 David Walks,TX,29872,3/22/1989 10:33,vincenthayes@yahoo.com,null,457709,852937,271109,601671,343230,null
,,,Jenniferberg,,,,,,,,,,,
5ca4bbcea2dd94ee58162a86,ethanarias,Christopher Watson,196 Baker Key,AL,12800,7/24/1984 3:14,lscott@gmail.com,null,884849,null,null,null,null,null
,,,North Billystad,,,,,,,,,,,
5ca4bbcea2dd94ee58162a87,stephanie68,Matthew Jones,0297 Jacob Ranch Apt. 019,NV,27455,6/1/1990 5:49,douglaschavez@hotmail.com,null,391557,280758,90117,867593,719343,null
,,,North Judith,,,,,,,,,,,
5ca4bbcea2dd94ee58162a88,paul82,Joseph Dawson,Unit 6696 Box 1901,null,45202,2/3/1968 20:00,cgonzalez@yahoo.com,null,158557,null,null,null,null,null
,,,DPO AE,,,,,,,,,,,
5ca4bbcea2dd94ee58162a89,jessica94,Brandon Moore,4523 Bright Roads Apt. 229,ND,58176,5/24/1967 18:02,thompsonnicholas@yahoo.com,null,87965,312230,759079,986996],null,null
,,,Hamptonfurt,,,,,,,,,,,
5ca4bbcea2dd94ee58162a8a,anthonygarza,Jeffrey Lester,50132 Moore Meadows,GA,22761,12/30/1985 1:26,aacosta@yahoo.com,null,380253,null,null,null,null,null
,,,New Stephanie,,,,,,,,,,,
5ca4bbcea2dd94ee58162a8b,thomasmendoza,David Lawrence,7193 Gibbs Key,CO,60258,4/2/1993 4:58,cfoster@gmail.com,null,973364,83355,null,null,null,null
,,,Port Lindsey,,,,,,,,,,,
5ca4bbcea2dd94ee58162a8c,stephen89,Jason Martinez,238 Troy Vista Suite 149,ID,12320,2/23/1985 13:09,tmcdonald@hotmail.com,null,741673,145588,956881,965514,654939,null
,,,East Sandraland,,,,,,,,,,,
5ca4bbcea2dd94ee58162a8d,kristinabaird,Kenneth Williams,474 Davis Forks,CT,28755,10/4/1982 4:11,ygeorge@hotmail.com,null,179746,null,null,null,null,null
,,,North Natashafort,,,,,,,,,,,
5ca4bbcea2dd94ee58162a8e,ronald62,Phillip Obrien,PSC 5639,Box 5207,7226,2/26/1987 8:38,lopezsean@hotmail.com,null,181073,358036,769877,163788,565763,238687
,,,,APO AE,,,,,,,,,,
5ca4bbcea2dd94ee58162a8f,portermaria,Sarah White,USCGC Williams,null,67784,1/29/1987 6:29,christensenallison@yahoo.com,null,898156,124603,null,null,null,null
,,,FPO AP,,,,,,,,,,,
5ca4bbcea2dd94ee58162a90,nicholassmith,Amy Lawrence,76259 Smith Common,IN,48787,6/14/1989 2:13,christophercastro@hotmail.com,null,640540,303463,981415,633630],null,null
,,,Madisonland,,,,,,,,,,,
5ca4bbcea2dd94ee58162a91,weberdominic,James Moore,483 Vasquez Canyon Suite 422,NY,76487,8/3/1994 15:13,brittney17@gmail.com,null,667074,902818,966629,null,null,null
,,,Nathanside,,,,,,,,,,,
5ca4bbcea2dd94ee58162a92,williammurphy,John Wright,1437 Ashley Track,SC,14320,2/9/1970 1:34,blackwayne@hotmail.com,null,344523,null,null,null,null,null
,,,East Jesus,,,,,,,,,,,
5ca4bbcea2dd94ee58162a93,glennkimberly,Jose Villarreal,72722 Rogers Underpass Suite 927,WI,28123,8/18/1979 1:01,jonesgregory@hotmail.com,null,899684,619693,null,null,null,null
,,,Brownport,,,,,,,,,,,
5ca4bbcea2dd94ee58162a94,uwong,Nathaniel Simpson,783 Schwartz Harbor Suite 268,SC,57748,4/25/1994 4:11,davidhooper@yahoo.com,null,523507,null,null,null,null,null
,,,Colemanton,,,,,,,,,,,
5ca4bbcea2dd94ee58162a95,abrown,Ray Jenkins,USNS Thomas,null,22336,3/11/1974 7:47,nicolehicks@gmail.com,null,146756,120270,null,null,null,null
,,,FPO AA,,,,,,,,,,,
5ca4bbcea2dd94ee58162a96,laurapatterson,Ms. Kristen Williams MD,76047 Stevens View Suite 495,NM,83256,8/11/1986 9:14,stephenwarner@hotmail.com,null,964509,323481,null,null,null,null
,,,Toddside,,,,,,,,,,,
5ca4bbcea2dd94ee58162a97,robertbradshaw,Stephen Flores,5147 Lewis Orchard Suite 538,DE,55195,10/7/1986 6:27,philiphenderson@hotmail.com,null,894704,null,null,null,null,null
,,,Nicholasfurt,,,,,,,,,,,
5ca4bbcea2dd94ee58162a98,luke58,Natasha Conrad,1924 Joseph Spring Apt. 218,IA,88223,10/3/1984 11:35,jamesfloyd@hotmail.com,null,185394,null,null,null,null,null
,,,Lake Williamchester,,,,,,,,,,,
5ca4bbcea2dd94ee58162a99,leonardbryan,Melanie Hernandez,6380 Paul Valleys,MT,3247,7/20/1985 10:09,nicoleeaton@gmail.com,null,884748,577112,null,null,null,null
,,,Vaughnmouth,,,,,,,,,,,
5ca4bbcea2dd94ee58162a9a,mirandachad,Kristine Vazquez,984 Jessica Lights,WA,99857,6/19/1974 18:09,tgriffith@gmail.com,null,304730,null,null,null,null,null
,,,Stephaniefort,,,,,,,,,,,
5ca4bbcea2dd94ee58162a9b,awilliams,Linda Lee,018 David Extension,TX,96335,3/5/1991 4:18,morrisondavid@gmail.com,null,273420,null,null,null,null,null
,,,Leblancchester,,,,,,,,,,,
5ca4bbcea2dd94ee58162a9c,tracyedwards,Sandra Anderson,166 Andrew Loaf Apt. 652,LA,95646,10/25/1985 10:26,amy21@gmail.com,null,350181,623060,988949,null,null,null
,,,Stuartstad,,,,,,,,,,,
5ca4bbcea2dd94ee58162a9d,petergilbert,Angela Campbell,4068 Espinoza Mills,WV,60790,12/15/1991 11:03,jocelyn67@yahoo.com,null,260499,946116,588389,293111,126444,678107
,,,West Jessica,,,,,,,,,,,
5ca4bbcea2dd94ee58162a9e,lisanavarro,Wendy Woods,7788 Megan Motorway Suite 038,IA,22054,11/8/1990 16:16,clarkleah@gmail.com,null,870466,null,null,null,null,null
,,,Donovanstad,,,,,,,,,,,
5ca4bbcea2dd94ee58162a9f,james33,Michael Reynolds,191 Gary Spurs,TN,65714,7/1/1982 1:58,caitlin24@gmail.com,null,152748,466107,692278,329562,56045,921272
,,,South Janice,,,,,,,,,,,
5ca4bbcea2dd94ee58162aa0,mirandajones,Wanda Rodgers,USCGC Myers,null,96490,8/28/1989 2:56,rward@yahoo.com,null,769503,516700,null,null,null,null
,,,FPO AP,,,,,,,,,,,
5ca4bbcea2dd94ee58162aa1,leekara,Lorraine Mullen,936 Jennifer Pike,MI,27938,2/26/1992 23:53,davisholly@hotmail.com,null,977982,572981,917549,713620,353465,469980
,,,Port Brianna,,,,,,,,,,,
5ca4bbcea2dd94ee58162aa2,jenniferstephens,Maria Alexander,USNS Jefferson,null,96361,8/11/1995 3:46,atkinsontodd@hotmail.com,null,261248,598525,333315,278497],null,null
,,,FPO AA,,,,,,,,,,,
5ca4bbcea2dd94ee58162aa3,fgibson,Andrea Mcmillan,666 Jones Forks Apt. 578,WA,61045,11/25/1973 18:45,andrewlowe@yahoo.com,null,588722,171900,775273,212024],null,null
,,,West Ashley,,,,,,,,,,,
5ca4bbcea2dd94ee58162aa4,jmitchell,Whitney Johnson,Unit 0717 Box 4633,null,83674,6/1/1992 12:07,kinglaura@yahoo.com,null,720842,394725,null,null,null,null
,,,DPO AA,,,,,,,,,,,
5ca4bbcea2dd94ee58162aa5,ashley97,James Smith,0511 Rice Fords,SD,28444,9/17/1966 13:18,kevin84@yahoo.com,null,725209,738462,57161,436090,714030,null
,,,Waynemouth,,,,,,,,,,,
5ca4bbcea2dd94ee58162aa6,gsmith,Courtney Dunn,89270 Lam Mill Apt. 092,LA,60237,2/5/1983 8:54,ysmith@yahoo.com,null,305656,372914,null,null,null,null
,,,East Nathaniel,,,,,,,,,,,
5ca4bbcea2dd94ee58162aa7,rwelch,Adrienne Obrien,15528 Tyler Mountains,SC,15738,11/28/1967 18:49,leslieday@gmail.com,null,351402,null,null,null,null,null
,,,Duncanfurt,,,,,,,,,,,
5ca4bbcea2dd94ee58162aaa,earroyo,Teresa Smith,477 Wall Inlet,NM,2213,7/15/1991 11:11,melissapatrick@yahoo.com,null,198100,674364,278603,383777,209363,null
,,,Jasonhaven,,,,,,,,,,,
5ca4bbcea2dd94ee58162aab,roger47,Luis Peterson,6679 Karen Ridge Apt. 593,CT,19110,7/20/1980 19:32,matthew37@yahoo.com,null,813016,136137,831097,null,null,null
,,,Hughesborough,,,,,,,,,,,
5ca4bbcea2dd94ee58162aac,oliviamcconnell,Jack Brown,42741 Lauren Way,ND,62168,5/8/1985 16:52,emilyjordan@yahoo.com,null,729049,775690,235286,null,null,null
,,,Dakotabury,,,,,,,,,,,
5ca4bbcea2dd94ee58162aad,gonzalezjonathan,Christopher Lee,445 Malone Expressway Suite 655,MS,47937,9/2/1978 9:45,ryan82@hotmail.com,null,977774,null,null,null,null,null
,,,Hillton,,,,,,,,,,,
5ca4bbcea2dd94ee58162aae,fcain,Christopher Castro,71322 James Turnpike Suite 823,MA,92390,2/24/1983 15:18,michaeljimenez@hotmail.com,null,403363,716662,null,null,null,null
,,,Theresafort,,,,,,,,,,,
5ca4bbcea2dd94ee58162aaf,pgilbert,Lisa Tate,3102 Hopkins Walk,MD,54461,6/18/1976 23:10,crystalromero@hotmail.com,null,895735,996263,null,null,null,null
,,,Andrechester,,,,,,,,,,,
5ca4bbcea2dd94ee58162ab0,wmurray,Robert Pearson,056 Jacobson Gardens,KY,56971,1/31/1993 4:08,tuckermary@yahoo.com,null,139687,522933,788678,827328,358213,null
,,,Williammouth,,,,,,,,,,,
5ca4bbcea2dd94ee58162ab1,mathewsnicholas,Cheryl Herring,637 Philip Lock Suite 286,RI,96778,6/6/1984 0:36,jessica87@hotmail.com,null,595194,781775,120556,767808],null,null
,,,Johnsmouth,,,,,,,,,,,
5ca4bbcea2dd94ee58162ab2,lyoung,Kaitlin Miller,546 Tyler Prairie,AL,54175,5/27/1985 1:39,mariahmcpherson@gmail.com,null,794875,931314,557378,null,null,null
,,,Marybury,,,,,,,,,,,
5ca4bbcea2dd94ee58162ab3,rfox,Willie Atkinson,82264 Matthew Roads,NE,26694,8/28/1986 13:52,ginahawkins@hotmail.com,null,130514,563516,719065,null,null,null
,,,Dianaside,,,,,,,,,,,
5ca4bbcea2dd94ee58162ab4,laurie54,Elizabeth Bowers,27201 Diana Run,MN,49804,9/19/1972 15:14,moralesgloria@yahoo.com,null,62872,327942,720370,null,null,null
,,,New Jenna,,,,,,,,,,,
5ca4bbcea2dd94ee58162ab5,swiggins,Rodney Giles,6270 Jennifer Prairie Suite 907,DC,55633,6/1/1977 11:40,lynncynthia@hotmail.com,null,893492,904434,null,null,null,null
,,,Hermanside,,,,,,,,,,,
5ca4bbcea2dd94ee58162ab6,efischer,Tiffany Jackson,776 Pierce Oval Suite 408,DE,41560,10/2/1992 21:19,ngreen@yahoo.com,null,312740,null,null,null,null,null
,,,Port Dana,,,,,,,,,,,
5ca4bbcea2dd94ee58162ab7,matthewharris,Thomas Figueroa,415 Megan Parkways,MD,24022,8/28/1971 22:21,jeff42@hotmail.com,null,918103,658755,304914,175894,849766,null
,,,Elizabethtown,,,,,,,,,,,
5ca4bbcea2dd94ee58162ab8,shelbyoliver,Brendan Leonard,63466 Bennett Views,AK,97933,3/16/1985 4:01,tabithaleon@hotmail.com,null,585158,375872,785786,null,null,null
,,,West Alexander,,,,,,,,,,,
5ca4bbcea2dd94ee58162ab9,timothyayers,Cheryl Anderson,12193 April Shore Apt. 519,IL,93505,5/31/1995 21:23,snydermark@yahoo.com,null,679236,985280,839760,null,null,null
,,,East Tiffanyfurt,,,,,,,,,,,
5ca4bbcea2dd94ee58162aba,salazarbilly,Meghan Wood,PSC 4266,Box 0996,54159,9/2/1971 21:42,richard20@gmail.com,null,236908,356905,571311,323636,409325,null
,,,,APO AA,,,,,,,,,,
5ca4bbcea2dd94ee58162abb,emily48,Mary Cox,477 Norris Lodge Apt. 567,DE,29152,12/17/1993 2:51,rowlanderic@yahoo.com,null,771691,144469,923468,null,null,null
,,,Lake Lindsayport,,,,,,,,,,,
5ca4bbcea2dd94ee58162abc,kylejenkins,Christine Brown,236 Pace Summit Suite 092,VT,31977,7/30/1989 7:48,iball@gmail.com,null,534789,131176,331169,122923,859284,709294
,,,East Lauriefurt,,,,,,,,,,,
5ca4bbcea2dd94ee58162abd,oroberts,Bradley Smith,450 Christensen Route,NV,40006,12/17/1969 14:27,christopher22@hotmail.com,null,185130,559866,null,null,null,null
,,,Miguelmouth,,,,,,,,,,,
5ca4bbcea2dd94ee58162abe,rebecca82,Alexander Hernandez,1325 Evans Lock Suite 723,HI,11666,5/3/1980 19:45,campbelljuan@hotmail.com,null,415928,525530,null,null,null,null
,,,Jenniferstad,,,,,,,,,,,
5ca4bbcea2dd94ee58162abf,ogonzalez,Brandy Moran,224 Miller Avenue Suite 063,OK,48453,12/4/1978 11:33,kaylaharris@hotmail.com,null,59819,531283,null,null,null,null
,,,Lake Rachel,,,,,,,,,,,
5ca4bbcea2dd94ee58162ac0,xavierwillis,Lindsey Burke,9710 Jones Mews Apt. 133,SC,65258,12/18/1991 17:22,paige01@yahoo.com,null,914197,650995,300446,300735,572114,null
,,,Millerberg,,,,,,,,,,,
5ca4bbcea2dd94ee58162ac1,nicole89,Amanda Willis,4721 Carr Route,TX,57611,9/27/1972 3:09,hudsonchristopher@gmail.com,null,401811,249109,968012,null,null,null
,,,North Hector,,,,,,,,,,,
5ca4bbcea2dd94ee58162ac2,denisepayne,Randall Patel,389 Shane Flat,OR,6676,7/16/1991 5:01,andreaevans@gmail.com,null,763063,968920,993908,642405,50948,null
,,,New Kyle,,,,,,,,,,,
5ca4bbcea2dd94ee58162ac3,emilybrooks,Travis White,61749 Adam Orchard Suite 575,DC,15272,11/29/1977 22:05,tsosa@hotmail.com,null,837602,513374,935752,103346,616805,183917
,,,Lake Jessicaside,,,,,,,,,,,
5ca4bbcea2dd94ee58162ac4,julierobertson,Robert Walker,3827 Rebecca Knoll,GA,8708,12/1/1972 12:42,millerjamie@gmail.com,null,859697,116390,696619,714727,969957,null
,,,Howardhaven,,,,,,,,,,,
5ca4bbcea2dd94ee58162ac5,garymiller,Wendy Lane,66205 Larry Burgs Apt. 081,WV,73468,9/5/1984 7:54,kristinmartinez@hotmail.com,null,852986,null,null,null,null,null
,,,Sanchezchester,,,,,,,,,,,
5ca4bbcea2dd94ee58162ac6,dianabautista,Matthew Hernandez,1822 Thompson Summit,MS,49655,8/1/1990 3:29,pmitchell@yahoo.com,null,330318,null,null,null,null,null
,,,Richardsonbury,,,,,,,,,,,
5ca4bbcea2dd94ee58162ac7,natalie11,Teresa Brooks,1792 Bernard Plaza Suite 013,MO,67345,9/29/1971 2:19,saguilar@gmail.com,null,571279,226398,null,null,null,null
,,,Fordchester,,,,,,,,,,,
5ca4bbcea2dd94ee58162ac8,emily32,Cheryl Ingram,0511 Butler Inlet,OH,52982,4/13/1991 18:40,mtaylor@hotmail.com,null,162007,737334,509894,433314,630581,556654
,,,South Laura,,,,,,,,,,,
5ca4bbcea2dd94ee58162ac9,zriley,Casey Taylor MD,USCGC Allen,null,91960,4/17/1974 17:50,ihernandez@yahoo.com,null,694827,447644,null,null,null,null
,,,FPO AA,,,,,,,,,,,
5ca4bbcea2dd94ee58162aca,joshuagarcia,Maria Ayers,56375 Ashley Trail,WI,24333,5/24/1969 6:59,ccherry@hotmail.com,null,469336,359211,626536,733789,851281,null
,,,Jenniferside,,,,,,,,,,,
5ca4bbcea2dd94ee58162acb,pfranklin,Alyssa Bailey,90812 Jonathan Glen Suite 821,IN,96898,11/23/1971 10:43,ble@gmail.com,null,358133,54977,null,null,null,null
,,,Richardberg,,,,,,,,,,,
5ca4bbcea2dd94ee58162acc,laura78,Justin Bryant,PSC 9422,Box 2030,62319,9/11/1978 21:10,emily47@hotmail.com,null,660732,167939,null,null,null,null
,,,,APO AP,,,,,,,,,,
5ca4bbcea2dd94ee58162acd,smccall,Justin Miller,212 Baxter Alley Apt. 827,KY,74343,7/1/1995 3:40,whiteheadnicholas@hotmail.com,null,427384,null,null,null,null,null
,,,West Juliaview,,,,,,,,,,,
5ca4bbcea2dd94ee58162ace,spearsalec,Crystal Walker,76608 Joseph Loop Suite 728,KY,44722,3/14/1980 13:31,rebeccamckinney@yahoo.com,null,645476,165279,231223,621326,448325,666556
,,,Port Christopher,,,,,,,,,,,
5ca4bbcea2dd94ee58162acf,ojohnson,Bryce Bowen,5757 Paul Trafficway,DC,66669,7/29/1994 14:02,rebecca54@hotmail.com,null,331043,null,null,null,null,null
,,,Paulport,,,,,,,,,,,
5ca4bbcea2dd94ee58162ad0,ihill,Kara Thomas,83082 Richard Parkways Apt. 040,HI,34423,2/1/1977 1:46,sharontorres@hotmail.com,null,900264,306033,436026,627690,246735,null
,,,West Charlesside,,,,,,,,,,,
5ca4bbcea2dd94ee58162ad1,jdavis,Amanda Rogers,029 Scott Trafficway,NJ,58822,3/23/1990 4:23,arellanopatricia@yahoo.com,null,542264,null,null,null,null,null
,,,Amyside,,,,,,,,,,,
5ca4bbcea2dd94ee58162ad2,santosjordan,Gabriel Meza,1691 Soto Villages Apt. 217,NJ,48815,3/4/1986 23:55,nancywhite@hotmail.com,null,397600,455692,null,null,null,null
,,,Lake Robertmouth,,,,,,,,,,,
5ca4bbcea2dd94ee58162ad3,austinfisher,Dustin Peterson,21760 Baldwin Lodge Suite 455,NE,8439,2/23/1996 8:35,brandon48@yahoo.com,null,907816,null,null,null,null,null
,,,Justinmouth,,,,,,,,,,,
5ca4bbcea2dd94ee58162ad4,allenhubbard,Bradley Roberts,55313 Elliott Turnpike Suite 863,ME,31900,8/27/1996 15:56,donna47@hotmail.com,null,857368,303316,118003,292277,131885,null
,,,Raymondborough,,,,,,,,,,,
5ca4bbcea2dd94ee58162ad5,heather23,Richard Barr,18869 Brandt Oval Apt. 572,NH,26668,11/10/1995 7:58,kaitlin77@hotmail.com,null,643375,615886,861706,777410,452686,698136
,,,North Luis,,,,,,,,,,,
5ca4bbcea2dd94ee58162ad6,ebeasley,Anthony Frost,926 Delgado Mall,MO,7840,11/10/1978 12:11,mary98@hotmail.com,null,707812,317282,null,null,null,null
,,,Mackenziemouth,,,,,,,,,,,
5ca4bbcea2dd94ee58162ad7,atorres,Amber Collier,583 Brittany Walk Suite 856,NH,33546,4/22/1988 7:09,mia28@yahoo.com,null,686986,965131,143720,475571,856354,null
,,,Duncanside,,,,,,,,,,,
5ca4bbcea2dd94ee58162ad8,rivaslonnie,David Warren,1925 Ruiz Fork,KY,50212,2/26/1978 23:10,jennifer49@gmail.com,null,721947,394038,958881,null,null,null
,,,Lake Martha,,,,,,,,,,,
5ca4bbcea2dd94ee58162ad9,waterskatherine,Jacqueline Davis,578 Fisher Heights,MT,91129,6/18/1975 5:52,yleon@yahoo.com,null,774823,451764,473748,541512,742134,null
,,,New Victoria,,,,,,,,,,,
5ca4bbcea2dd94ee58162ada,christopherdean,Eric Johnson,5185 Steven Heights,WI,68783,9/6/1973 22:34,carrie23@gmail.com,null,561206,287686,615233,774388,109139,null
,,,Kelleyville,,,,,,,,,,,
5ca4bbcea2dd94ee58162adb,nsalinas,Tammy Parker,495 Campbell Views,WY,19598,3/14/1970 17:23,thorntoncynthia@yahoo.com,null,453851,911207,593441,null,null,null
,,,Port Veronicaland,,,,,,,,,,,
5ca4bbcea2dd94ee58162adc,ianjones,Douglas Johnson,8909 Cummings Streets Apt. 479,DE,32862,11/30/1979 3:36,bennettwendy@yahoo.com,null,866159,950569,871955,391838,129238,280867
,,,East Julie,,,,,,,,,,,
5ca4bbcea2dd94ee58162add,maryfuller,Daniel Shaw,9920 Mcguire Flats Apt. 207,OK,7387,10/4/1974 7:13,owensrodney@yahoo.com,null,762459,590768,602559,846855],null,null
,,,Michaelmouth,,,,,,,,,,,
5ca4bbcea2dd94ee58162ade,allenjennifer,Brian Woodard,USNV Black,null,88837,11/11/1976 0:54,donna67@hotmail.com,null,66611,804549,380955,235779],null,null
,,,FPO AP,,,,,,,,,,,
5ca4bbcea2dd94ee58162adf,mortonaustin,Chelsea Tyler,962 Bennett Place,CA,10497,4/13/1979 1:40,brian57@gmail.com,null,230611,584594,null,null,null,null
,,,Greenburgh,,,,,,,,,,,
5ca4bbcea2dd94ee58162ae0,cameron30,Jacob Flores,Unit 9694 Box 6262,null,69984,1/16/1973 11:31,tracykennedy@gmail.com,null,987387,614135,656564,null,null,null
,,,DPO AA,,,,,,,,,,,
5ca4bbcea2dd94ee58162ae1,jennifer15,Daniel Buckley,Unit 6468 Box 4774,null,23963,7/8/1992 21:39,mcox@hotmail.com,null,207715,518420,214845,null,null,null
,,,DPO AA,,,,,,,,,,,
5ca4bbcea2dd94ee58162ae2,willie94,Douglas Sharp DDS,8993 Smith Bypass Suite 156,ID,80057,8/14/1972 10:02,reyesheather@gmail.com,null,962115,51822,null,null,null,null
,,,Port Triciachester,,,,,,,,,,,
5ca4bbcea2dd94ee58162ae3,erobinson,Heather Castro,56484 Bishop Prairie,NC,13553,12/21/1988 11:39,cedwards@hotmail.com,null,193987,508373,674433,null,null,null
,,,Younghaven,,,,,,,,,,,
5ca4bbcea2dd94ee58162ae4,amanda54,Samantha Cain DVM,2405 Brittney Parkway,KY,60752,4/2/1991 18:36,jaime61@hotmail.com,null,979789,228685,708669,70441],null,null
,,,Port Kevinville,,,,,,,,,,,
5ca4bbcea2dd94ee58162ae5,marylong,Melanie Scott,67199 West Gateway,NE,85650,6/12/1982 11:06,scott89@gmail.com,null,878471,null,null,null,null,null
,,,Kimberlyhaven,,,,,,,,,,,
5ca4bbcea2dd94ee58162ae6,stewartmichele,Robert Pearson,456 Jonathan Plains,MN,85128,11/7/1974 5:26,aaron15@yahoo.com,null,788442,644552,944119,null,null,null
,,,Rogersmouth,,,,,,,,,,,
5ca4bbcea2dd94ee58162ae7,tateashley,Dr. William Carlson,USS Fields,null,70294,3/22/1974 8:28,joseph07@yahoo.com,null,235687,319308,452778,null,null,null
,,,FPO AA,,,,,,,,,,,
5ca4bbcea2dd94ee58162ae8,shanebrown,Chelsea Hardin,7060 Jessica Orchard Apt. 068,WA,41886,6/4/1984 6:47,janet51@yahoo.com,null,404183,668949,534355,null,null,null
,,,Paulborough,,,,,,,,,,,
5ca4bbcea2dd94ee58162ae9,tina17,Danielle Blevins,22879 Peterson Hill,NJ,24417,1/16/1987 10:26,robertlloyd@hotmail.com,null,113123,null,null,null,null,null
,,,East Maria,,,,,,,,,,,
5ca4bbcea2dd94ee58162aea,markwells,Betty Clayton,353 David Keys,AR,76871,8/5/1966 17:13,egreen@yahoo.com,null,377923,null,null,null,null,null
,,,Madisonland,,,,,,,,,,,
5ca4bbcea2dd94ee58162aeb,robersonmichael,Cody Schmitt,655 Austin Ports,PA,61387,9/27/1976 0:48,colemanjamie@gmail.com,null,433811,700387,464470,987501],null,null
,,,New Rodney,,,,,,,,,,,
5ca4bbcea2dd94ee58162aec,dawsonmelissa,Chelsea Clay,013 Martin Pass Apt. 884,MN,14798,3/9/1978 5:38,stevensteele@yahoo.com,null,166084,558555,null,null,null,null
,,,Lake Jackview,,,,,,,,,,,
5ca4bbcea2dd94ee58162aed,jeffreyskinner,Megan Luna,717 Taylor Villages,VT,57660,4/10/1992 19:46,jennifer73@gmail.com,null,126833,526731,827843,682405,299100,768875
,,,Bennettview,,,,,,,,,,,
5ca4bbcea2dd94ee58162aee,jlee,Sandra Miller,181 Morgan Wells,MD,41070,5/29/1982 20:09,hamiltonanthony@gmail.com,null,702924,165706,328627,494443,76399,293516
,,,Andersonview,,,,,,,,,,,
5ca4bbcea2dd94ee58162aef,hjohnson,Margaret Adams,927 Stewart Greens Suite 566,IL,2946,10/7/1993 20:20,brian12@yahoo.com,null,664679,305286,666856,551334,868181,null
,,,Campbellmouth,,,,,,,,,,,
5ca4bbcea2dd94ee58162af0,davisjames,Sarah Powell,54181 Fitzpatrick Spur,HI,10066,8/27/1979 18:33,justinsantos@yahoo.com,null,794675,463278,802829,null,null,null
,,,Turnerville,,,,,,,,,,,
5ca4bbcea2dd94ee58162af1,wmanning,John Barajas,39314 Rocha Falls,KS,54170,12/27/1972 19:00,cheryltrujillo@yahoo.com,null,304450,892478,465052,999137],null,null
,,,Lake Patrickland,,,,,,,,,,,
5ca4bbcea2dd94ee58162af2,janetking,Craig Koch,368 Torres Junction Suite 808,MS,41081,7/10/1970 6:16,ebrooks@hotmail.com,null,719866,921942,938326,177814,842047,null
,,,Kennethmouth,,,,,,,,,,,
5ca4bbcea2dd94ee58162af3,edwardszachary,John Guzman,8077 Mendoza Pines,KS,81392,10/27/1968 20:23,christopher91@hotmail.com,null,929644,937618,881424,null,null,null
,,,Walterfurt,,,,,,,,,,,
5ca4bbcea2dd94ee58162af4,sarahhayden,Sean Hopkins,0453 Schroeder Circle Apt. 426,OH,10383,6/29/1976 12:22,benjamin34@yahoo.com,null,151378,132017,66589,null,null,null
,,,South Timothy,,,,,,,,,,,
5ca4bbcea2dd94ee58162af5,xrodriguez,Johnathan Reyes,8294 Hudson Stream Suite 944,OK,50810,6/21/1972 2:28,wnguyen@gmail.com,null,354107,null,null,null,null,null
,,,Samanthafurt,,,,,,,,,,,
5ca4bbcea2dd94ee58162af6,hbond,Paul Flores,33991 Carlson Rapid Suite 065,CA,43689,9/23/1987 21:06,zamoragary@gmail.com,null,825576,858202,720436,408143,625263,null
,,,Suarezview,,,,,,,,,,,
5ca4bbcea2dd94ee58162af7,xestrada,Randy Moore,0638 Moore Groves Apt. 967,IN,46896,3/9/1971 19:25,adam80@yahoo.com,null,165436,945366,null,null,null,null
,,,East James,,,,,,,,,,,
5ca4bbcea2dd94ee58162af8,icooke,Julie Mora,3605 Matthews Fork Apt. 419,VT,62295,3/6/1982 12:47,clarkjean@gmail.com,null,898675,264514,856800,null,null,null
,,,South Carolynmouth,,,,,,,,,,,
5ca4bbcea2dd94ee58162af9,psnow,Kelly Clark,4596 April Cove Apt. 056,LA,48741,3/14/1996 16:23,davidsullivan@hotmail.com,null,741232,null,null,null,null,null
,,,Allenville,,,,,,,,,,,
5ca4bbcea2dd94ee58162afa,yubarry,Alex Turner,PSC 8300,Box 7388,53337,3/7/1974 23:13,jennifer49@gmail.com,null,61329,87437,972041,632303],null,null
,,,,APO AA,,,,,,,,,,
5ca4bbcea2dd94ee58162afb,johnsonjohn,Mr. Alex Chavez,962 Hawkins Stravenue,CT,31169,12/28/1995 20:37,daniel10@yahoo.com,null,303025,308680,328105,null,null,null
,,,South Eric,,,,,,,,,,,
5ca4bbcea2dd94ee58162afc,hughesann,John Brown,291 Emily Courts,MD,99846,12/8/1966 12:49,travis88@hotmail.com,null,194523,null,null,null,null,null
,,,West Mary,,,,,,,,,,,
5ca4bbcea2dd94ee58162afd,johnmartinez,Wendy Young DVM,59180 Valerie Meadows,ND,97889,10/16/1995 9:24,martinezrobert@yahoo.com,null,855290,null,null,null,null,null
,,,Princeborough,,,,,,,,,,,
5ca4bbcea2dd94ee58162afe,angelathomas,Shane Mills,73703 Brandon Dale,TN,40641,10/29/1980 2:03,lmartinez@hotmail.com,null,214555,201862,720825,null,null,null
,,,Castilloview,,,,,,,,,,,
5ca4bbcea2dd94ee58162aff,tknight,Seth Gonzalez,4975 Davila Wall Apt. 503,MO,37761,3/26/1970 0:35,paul16@hotmail.com,null,501408,null,null,null,null,null
,,,Port Christophershire,,,,,,,,,,,
5ca4bbcea2dd94ee58162b00,marccolon,Sarah Lowery,6599 Martin Roads Apt. 624,SD,60790,4/27/1983 7:48,gomeztonya@hotmail.com,null,85228,404845,155327,null,null,null
,,,Katherinestad,,,,,,,,,,,
5ca4bbcea2dd94ee58162b01,caitlinmcdonald,Brittany Thompson,5945 Rebecca Harbors,NM,55966,6/24/1977 19:21,cunninghammary@gmail.com,null,618333,509290,935023,207806,430152,null
,,,New Gabriela,,,,,,,,,,,
5ca4bbcea2dd94ee58162b02,gburton,Joseph Price,Unit 6261 Box 4483,null,4179,8/12/1996 4:56,eyoung@yahoo.com,null,514049,468638,587875,409753,569443,612105
,,,DPO AE,,,,,,,,,,,
5ca4bbcea2dd94ee58162b03,linda48,Patricia Powers,70685 Christina Lights Suite 395,ND,40345,4/23/1969 2:21,jonesbeverly@gmail.com,null,419542,356073,351069,88799,861121,null
,,,Kimberlyborough,,,,,,,,,,,
5ca4bbcea2dd94ee58162b04,craiglee,Michael Lewis,67251 James Squares Apt. 917,SD,38097,12/14/1973 10:14,pittmanmatthew@yahoo.com,null,523931,null,null,null,null,null
,,,Caseyborough,,,,,,,,,,,
5ca4bbcea2dd94ee58162b05,hurstmatthew,Stacey Grimes,0959 Sean Manor,IL,51370,11/13/1970 17:00,calderonchad@hotmail.com,null,990274,300879,280906,692927,204117,null
,,,Gregoryville,,,,,,,,,,,
5ca4bbcea2dd94ee58162b06,kelly68,Angela Leblanc,977 Brown Junctions,DE,44975,6/2/1986 0:01,lopezchristopher@yahoo.com,null,674880,210670,973057,757619,741049,null
,,,Hensleymouth,,,,,,,,,,,
5ca4bbcea2dd94ee58162b07,jason27,Bobby Chan,0803 Sean Street,ND,68572,12/30/1975 0:54,jessicagrant@yahoo.com,null,109478,null,null,null,null,null
,,,West Deborahmouth,,,,,,,,,,,
5ca4bbcea2dd94ee58162b08,ihill,Cynthia Smith,43135 Boyer Motorway Suite 958,AL,40436,12/10/1983 19:15,kathleenclark@yahoo.com,null,710568,951324,912610,null,null,null
,,,Lake Annafort,,,,,,,,,,,
5ca4bbcea2dd94ee58162b09,jose42,Kevin Robbins,73482 Seth Mall Apt. 726,CT,99453,12/5/1967 7:10,handerson@gmail.com,null,454704,884552,null,null,null,null
,,,Higginsbury,,,,,,,,,,,
5ca4bbcea2dd94ee58162b0a,nathaniel64,Lynn Vance,24873 Beasley Mountain Apt. 768,UT,70621,4/25/1971 4:39,nixoneric@hotmail.com,null,837092,626698,401048,54685,360655,null
,,,South Danielstad,,,,,,,,,,,
5ca4bbcea2dd94ee58162b0b,jsaunders,James Lopez,Unit 1396 Box 9278,null,90703,4/19/1968 12:10,farmerralph@gmail.com,null,912196,610738,549655,null,null,null
,,,DPO AA,,,,,,,,,,,
5ca4bbcea2dd94ee58162b0c,peterwolfe,Stephen Nelson,493 Cole Causeway Apt. 386,AK,28435,6/30/1970 8:58,deborah60@yahoo.com,null,326795,807144,995007,507622,778358,910579
,,,East Ruth,,,,,,,,,,,
5ca4bbcea2dd94ee58162b0d,stricklandmichael,Bradley Lopez,PSC 0995,Box 2739,21293,2/5/1971 2:16,ryanadams@yahoo.com,null,905507,137090,868414,529190],null,null
,,,,APO AA,,,,,,,,,,
5ca4bbcea2dd94ee58162b0e,marysmith,Scott Wilson,2139 Baldwin Square Suite 773,WI,16582,4/3/1980 23:18,angelarogers@yahoo.com,null,668348,552174,917475,147334,946196,254176
,,,Jasonfort,,,,,,,,,,,
5ca4bbcea2dd94ee58162b0f,apeck,Christopher Hayes,0784 Christopher Falls Apt. 005,WY,85913,4/30/1990 3:22,aherrera@yahoo.com,null,668634,297819,263864,778434,668857,640857
,,,Aliciachester,,,,,,,,,,,
5ca4bbcea2dd94ee58162b10,ggreen,Michele Noble,738 Cooper Station,OH,2849,5/14/1995 7:52,johnsonsusan@yahoo.com,null,976027,199559,159243,275355,135185,222322
,,,Nathanberg,,,,,,,,,,,
5ca4bbcea2dd94ee58162b11,barnessarah,Mr. Shawn Griffin,4660 Gutierrez Mountain Suite 988,FL,24785,5/3/1976 12:07,rphillips@yahoo.com,null,261962,310074,814632,674132],null,null
,,,East Dwayne,,,,,,,,,,,
5ca4bbcea2dd94ee58162b12,xdavis,Krista Mcdonald,3752 Harris Pike,NH,42563,11/2/1981 7:54,brittany49@hotmail.com,null,864905,472050,160912,null,null,null
,,,South Randyfort,,,,,,,,,,,
5ca4bbcea2dd94ee58162b13,murraygregory,Kevin Howard,44591 Roy Shores Apt. 928,MS,67329,5/21/1990 2:51,cdaniel@gmail.com,null,137994,null,null,null,null,null
,,,Angelaborough,,,,,,,,,,,
5ca4bbcea2dd94ee58162b14,susanfranco,Chad Ryan,399 Murray Common Apt. 806,NV,54779,3/8/1974 0:18,alanfarley@gmail.com,null,423254,838304,475102,981028,982027,348352
,,,New Christopherport,,,,,,,,,,,
5ca4bbcea2dd94ee58162b15,bernardowens,Charles Sanchez,7455 Perez Stream Apt. 269,NC,61480,1/17/1996 0:32,rhogan@hotmail.com,null,308492,98267,129971,818687],null,null
,,,Kathyside,,,,,,,,,,,
5ca4bbcea2dd94ee58162b16,stewartmonique,David Smith,027 Hensley Via,IA,46548,10/23/1995 1:50,carljoyce@gmail.com,null,933061,716490,209755,923502],null,null
,,,Moralesmouth,,,,,,,,,,,
5ca4bbcea2dd94ee58162b17,dana88,Cory Grant,364 Marissa Orchard Suite 252,MI,82410,5/13/1974 11:13,dbenitez@hotmail.com,null,155156,529972,949471,265862],null,null
,,,East Lynnborough,,,,,,,,,,,
5ca4bbcea2dd94ee58162b18,jdawson,Elizabeth Moore,1379 Taylor Via,NE,84062,11/2/1967 1:27,brandonmercer@yahoo.com,null,911518,368168,86373,141597,691022,null
,,,Lake Michael,,,,,,,,,,,
5ca4bbcea2dd94ee58162b19,thomascunningham,Michael Palmer,PSC 2299,Box 1947,35531,9/14/1968 20:17,david45@yahoo.com,null,982709,277161,498050,null,null,null
,,,,APO AP,,,,,,,,,,
5ca4bbcea2dd94ee58162b1a,okrueger,Justin Crawford,77055 Hunter Mills Apt. 375,NJ,80924,7/28/1992 20:33,emurray@hotmail.com,null,312942,133274,null,null,null,null
,,,South Matthew,,,,,,,,,,,
5ca4bbcea2dd94ee58162b1b,cody34,Julie Erickson DDS,4907 Morris Garden Apt. 647,TX,73479,4/17/1981 10:52,sgreene@gmail.com,null,103536,971879,null,null,null,null
,,,Emilystad,,,,,,,,,,,
5ca4bbcea2dd94ee58162b1c,tinajacobs,Marie Torres,844 Weaver Turnpike Apt. 338,AL,13154,6/3/1987 12:26,mcintoshalbert@yahoo.com,null,785218,155366,379691,386231],null,null
,,,South Robertton,,,,,,,,,,,
5ca4bbcea2dd94ee58162b1d,juliemccoy,Tammy Ramirez,70891 Mckinney Underpass,KY,79862,6/15/1990 18:24,nancypeters@hotmail.com,null,922402,155111,969775,879238],null,null
,,,Graychester,,,,,,,,,,,
5ca4bbcea2dd94ee58162b1e,katherinenunez,Peter Robertson DDS,8797 Murray Skyway,ID,21522,1/7/1972 15:06,ginaswanson@hotmail.com,null,609817,591359,null,null,null,null
,,,Alexshire,,,,,,,,,,,
5ca4bbcea2dd94ee58162b1f,sharpallison,Christopher Hall,6745 Susan Crescent,NC,28508,8/27/1994 0:48,fcochran@hotmail.com,null,881767,273823,147575,964253,591026,585432
,,,Jeremyburgh,,,,,,,,,,,
5ca4bbcea2dd94ee58162b20,yfreeman,Terri Lynn,5830 Julie Drives,MD,61798,5/15/1991 12:03,brian26@gmail.com,null,310737,508452,297499,237182],null,null
,,,Larryview,,,,,,,,,,,
5ca4bbcea2dd94ee58162b21,leechristine,Blake Gregory,1391 Davis Vista Apt. 489,MO,1410,5/30/1971 2:11,huffmitchell@yahoo.com,null,979257,716353,623185,582902],null,null
,,,Jimenezberg,,,,,,,,,,,
5ca4bbcea2dd94ee58162b22,steven28,Brian Brown,063 Holly Greens,CT,20919,3/3/1981 17:11,garyriddle@hotmail.com,null,795040,null,null,null,null,null
,,,Lutzville,,,,,,,,,,,
5ca4bbcea2dd94ee58162b23,nicole28,Dr. Matthew Cooper,8903 Kim Square Suite 921,RI,12654,10/18/1973 0:36,wrightemily@gmail.com,null,947606,884611,210513,161597],null,null
,,,East Jacqueline,,,,,,,,,,,
5ca4bbcea2dd94ee58162b24,tracierodriguez,Kimberly Soto,8839 Douglas Unions,NY,74105,3/25/1987 12:06,sbaker@gmail.com,null,871665,518243,433296,602143],null,null
,,,Port Elaine,,,,,,,,,,,
5ca4bbcea2dd94ee58162b25,tracydavis,Debbie Villa,48952 Kimberly Freeway,SC,91778,8/23/1992 5:43,todd31@yahoo.com,null,301773,876196,117971,null,null,null
,,,Davidton,,,,,,,,,,,
5ca4bbcea2dd94ee58162b26,wilcoxjustin,Michelle Stewart,481 Duran Springs Apt. 164,FL,55704,3/4/1989 12:22,mary95@yahoo.com,null,267947,100721,750828,678037],null,null
,,,Brianton,,,,,,,,,,,
5ca4bbcea2dd94ee58162b27,raymond33,Stephanie Neal,8076 May Viaduct,VA,78655,11/14/1974 6:48,msloan@hotmail.com,null,429495,541950,388334,761257],null,null
,,,Lake Davidhaven,,,,,,,,,,,
5ca4bbcea2dd94ee58162b28,nunezdale,John Nguyen,8069 French View Apt. 047,NH,47908,12/5/1974 16:45,juanbentley@gmail.com,null,586861,633220,639241,201771],null,null
,,,Lake Kathryn,,,,,,,,,,,
5ca4bbcea2dd94ee58162b29,crodriguez,Charles Jones,183 Young Mountain,DC,11579,1/24/1974 5:12,vancejohnny@hotmail.com,null,467666,null,null,null,null,null
,,,Rossmouth,,,,,,,,,,,
5ca4bbcea2dd94ee58162b2b,lejoshua,Michael Johnson,15989 Edward Inlet,NC,39545,9/22/1971 19:01,courtneypaul@gmail.com,null,470650,443178,null,null,null,null
,,,Lake Maryton,,,,,,,,,,,
5ca4bbcea2dd94ee58162b2c,lauren69,Bradley Mack,1593 Jason Plaza,PA,83728,8/18/1995 21:19,woodpriscilla@hotmail.com,null,785350,null,null,null,null,null
,,,Gabrielleburgh,,,,,,,,,,,
5ca4bbcea2dd94ee58162b2d,stonekaren,Edward Frank,29216 Kim Place Apt. 691,MT,83577,1/18/1982 22:36,steven67@hotmail.com,null,423171,328304,118127,487188,383701,null
,,,Kellyburgh,,,,,,,,,,,
5ca4bbcea2dd94ee58162b2e,wendy61,James Jones,63744 Sanchez Rapids Apt. 483,VA,53223,4/30/1972 15:01,gonzalezbethany@hotmail.com,null,491860,463155,null,null,null,null
,,,Port Robert,,,,,,,,,,,
5ca4bbcea2dd94ee58162b2f,xgarcia,Shelley Watson,01675 Jennifer Station,IN,30493,5/1/1991 5:59,gailguerrero@hotmail.com,null,984021,503933,599752,475387,832510,255695
,,,Lake Micheal,,,,,,,,,,,
5ca4bbcea2dd94ee58162b30,rothdaryl,Christopher Mercado,161 Solis Plaza Suite 879,DC,74853,10/26/1983 21:18,brianpowell@yahoo.com,null,581161,139582,149440,null,null,null
,,,Amberport,,,,,,,,,,,
5ca4bbcea2dd94ee58162b31,wwilson,Jonathon Small,891 Golden Green,ND,88063,8/10/1981 11:21,michael32@hotmail.com,null,296866,316726,null,null,null,null
,,,Stephenshire,,,,,,,,,,,
5ca4bbcea2dd94ee58162b32,thomas48,David Obrien,203 Christina Trail,MO,41214,7/2/1970 13:01,cindy96@yahoo.com,null,278866,78388,330961,612356,126668,701440
,,,Turnerborough,,,,,,,,,,,
5ca4bbcea2dd94ee58162b33,kingraymond,Ashley Mosley,87117 Carrie Dam,AZ,12272,5/8/1979 17:39,michael63@gmail.com,null,842570,987988,839727,null,null,null
,,,Grahamside,,,,,,,,,,,
5ca4bbcea2dd94ee58162b34,eroberts,Valerie Vaughn,7613 Anita Pines,HI,24435,3/1/1979 11:05,calvinwhite@yahoo.com,null,161460,740604,347313,795909,689102,null
,,,Courtneyborough,,,,,,,,,,,
5ca4bbcea2dd94ee58162b35,amanda78,Geoffrey Ball,USNS Bradford,null,5057,12/3/1973 17:44,ryanphelps@hotmail.com,null,199962,null,null,null,null,null
,,,FPO AE,,,,,,,,,,,
5ca4bbcea2dd94ee58162b36,ambercraig,Trevor Perry,8234 Tyler Parkway,NC,65676,7/14/1979 5:37,bellamanda@hotmail.com,null,673123,312052,null,null,null,null
,,,Rachelville,,,,,,,,,,,
5ca4bbcea2dd94ee58162b37,djames,Lisa Jones,271 Saunders Pass,ND,18984,12/29/1979 11:53,francisco62@hotmail.com,null,292314,202669,null,null,null,null
,,,South Jasonburgh,,,,,,,,,,,
5ca4bbcea2dd94ee58162b38,christine68,Amanda Hammond,41554 Wood View,MO,28699,3/11/1980 17:58,nicholas62@hotmail.com,null,604732,914559,346408,null,null,null
,,,New Scott,,,,,,,,,,,
5ca4bbcea2dd94ee58162b39,jamesray,Adam Anderson,PSC 3892,Box 4610,27706,8/3/1988 23:48,lesliemiranda@gmail.com,null,945232,858473,831600,951500],null,null
,,,,APO AE,,,,,,,,,,
5ca4bbcea2dd94ee58162b3a,clifford40,Travis Palmer,4506 Sheppard Extensions,MA,25152,3/6/1991 8:22,andrea82@gmail.com,null,161714,903542,472963,863889,786406,null
,,,Costashire,,,,,,,,,,,
5ca4bbcea2dd94ee58162b3b,keith63,James Martin,71056 Hardin Vista Suite 883,NC,37618,10/23/1986 23:41,michael75@yahoo.com,null,62713,278149,298562,51474],null,null
,,,Port William,,,,,,,,,,,
5ca4bbcea2dd94ee58162b3c,maria18,John Lee III,074 Brennan Forks,RI,89436,7/7/1986 9:28,chapmandiane@gmail.com,null,271186,887464,77831,757913,644474,574197
,,,South Amandamouth,,,,,,,,,,,
5ca4bbcea2dd94ee58162b3d,zchandler,Victoria Jones,6127 Johnson Stravenue,UT,19928,5/20/1991 11:59,candicediaz@gmail.com,null,558349,510332,null,null,null,null
,,,Brianville,,,,,,,,,,,
5ca4bbcea2dd94ee58162b3e,sthompson,Kendra Parker,31080 Teresa Meadow Apt. 791,NH,11786,10/9/1980 2:32,matthew69@hotmail.com,null,294632,782383,136139,null,null,null
,,,West Albertton,,,,,,,,,,,
5ca4bbcea2dd94ee58162b3f,carolynmorris,Adam Miller,89437 Nathan Ford,LA,3688,10/31/1990 13:59,richard78@gmail.com,null,523409,null,null,null,null,null
,,,Katietown,,,,,,,,,,,
5ca4bbcea2dd94ee58162b40,fletchernicole,Bryan Huff,2381 Brooks Union,NJ,12668,9/26/1970 2:30,anna26@gmail.com,null,937558,141237,null,null,null,null
,,,West Margaretburgh,,,,,,,,,,,
5ca4bbcea2dd94ee58162b41,thomas16,Elizabeth Meyer,151 Ortiz Skyway,OK,13359,1/1/1992 12:03,andrew95@gmail.com,null,851242,null,null,null,null,null
,,,Bobbyville,,,,,,,,,,,
5ca4bbcea2dd94ee58162b42,kimberlycarpenter,James Rose,061 Anna Road,NE,23724,4/26/1968 19:50,simpsonpatrick@gmail.com,null,891045,842086,674464,null,null,null
,,,Port Victorview,,,,,,,,,,,
5ca4bbcea2dd94ee58162b43,pjordan,Raymond Hudson,51587 Gonzalez Lights,PA,98919,7/20/1972 3:33,annamaxwell@yahoo.com,null,341068,516709,855057,744023,811931,null
,,,Jackietown,,,,,,,,,,,
5ca4bbcea2dd94ee58162b44,jenniferhopkins,Chelsea Wells,7246 Stephen Shore Suite 595,IN,13705,5/7/1973 20:43,stephaniethomas@gmail.com,null,534637,495834,906796,292528],null,null
,,,Christinefort,,,,,,,,,,,
5ca4bbcea2dd94ee58162b45,monica24,Daniel Walker,6965 Jackson Islands Apt. 657,NE,61306,1/13/1990 18:20,chad79@gmail.com,null,921679,608510,370854,870933],null,null
,,,Alicialand,,,,,,,,,,,
5ca4bbcea2dd94ee58162b46,vcarpenter,William Johnson,Unit 7859 Box 3985,null,4111,6/16/1987 20:52,casey29@hotmail.com,null,944578,null,null,null,null,null
,,,DPO AA,,,,,,,,,,,
5ca4bbcea2dd94ee58162b47,matthewcochran,Heather Martinez,87167 Hampton Port,NC,90906,6/4/1996 3:46,ptaylor@hotmail.com,null,789393,868245,426688,103659],null,null
,,,Lake Sophiamouth,,,,,,,,,,,
5ca4bbcea2dd94ee58162b48,kevinbenson,Alexander Goodman,1650 Murphy Plains Suite 067,NM,76342,8/19/1967 14:30,william88@yahoo.com,null,418570,895006,null,null,null,null
,,,New Chadhaven,,,,,,,,,,,
5ca4bbcea2dd94ee58162b49,alexsanders,Annette Watts,5094 Gonzales Manor Apt. 425,IN,96979,8/18/1988 4:43,meganwilliams@hotmail.com,null,107787,776263,568788,226114,155224,327520
,,,North Loriside,,,,,,,,,,,
5ca4bbcea2dd94ee58162b4a,casey21,Matthew Montgomery,450 Gillespie Lights Suite 952,LA,65283,9/11/1986 5:57,rle@hotmail.com,null,348140,751513,null,null,null,null
,,,East Seanmouth,,,,,,,,,,,
5ca4bbcea2dd94ee58162b4b,wolfheather,Elizabeth Hughes,956 Smith Trail,OK,5529,9/26/1987 5:52,gmoore@gmail.com,null,238139,874413,180092,830030,473116,null
,,,Stevenville,,,,,,,,,,,
5ca4bbcea2dd94ee58162b4c,hernandezlouis,Erica Little,3901 Chan Street Suite 505,CA,66302,11/4/1991 15:13,barrjeffrey@hotmail.com,null,969836,916626,487210,126102,231225,null
,,,New Chris,,,,,,,,,,,
5ca4bbcea2dd94ee58162b4d,dianefoster,Daniel Wang,42601 Marc Forks,NE,9808,12/15/1988 4:33,vchristensen@gmail.com,null,170980,623937,798739,300714],null,null
,,,Lake Stevenbury,,,,,,,,,,,
5ca4bbcea2dd94ee58162b4e,davidestrada,Angela Ortiz,12948 Perez Village,NJ,25955,8/16/1966 22:29,mitchelldeborah@gmail.com,null,236337,533756,null,null,null,null
,,,East Kayla,,,,,,,,,,,
5ca4bbcea2dd94ee58162b4f,nataliebrooks,Matthew Medina,57893 Mathews Rest Apt. 316,VA,94216,6/2/1980 16:11,tina96@hotmail.com,null,246018,591354,182094,565145,895434,null
,,,Grantshire,,,,,,,,,,,
5ca4bbcea2dd94ee58162b50,charlotte30,Emily Davidson,238 Romero Hollow Apt. 868,TX,7164,1/25/1973 18:24,wintersmorgan@hotmail.com,null,770262,759997,null,null,null,null
,,,Port Joshuaville,,,,,,,,,,,
5ca4bbcea2dd94ee58162b51,nicole25,Jeremy Sullivan,944 Gilbert Haven Suite 424,MI,48995,12/18/1992 21:38,jacob15@hotmail.com,null,851226,998674,577795,null,null,null
,,,Ethanmouth,,,,,,,,,,,
5ca4bbcea2dd94ee58162b52,rhonda93,Shannon Bonilla,964 Vazquez Extensions Apt. 579,OH,67037,11/27/1988 15:53,braunelizabeth@hotmail.com,null,934308,103062,null,null,null,null
,,,Cruzside,,,,,,,,,,,
5ca4bbcea2dd94ee58162b53,patrick05,Jamie Bray,PSC 3712,Box 4732,93535,4/16/1970 5:53,blakesarah@gmail.com,null,423202,180580,477706,267252,749493,944895
,,,,APO AA,,,,,,,,,,
5ca4bbcea2dd94ee58162b54,matthew71,Brenda Mercer,5864 Smith Ports Apt. 470,KY,62269,6/30/1987 13:07,cabreramatthew@hotmail.com,null,312758,171769,null,null,null,null
,,,Lake Tonifurt,,,,,,,,,,,
5ca4bbcea2dd94ee58162b55,hillcaroline,Jasmin Carlson,3561 Bender Inlet,OH,70831,9/29/1982 6:08,rhoward@hotmail.com,null,733568,null,null,null,null,null
,,,West Aprilbury,,,,,,,,,,,
5ca4bbcea2dd94ee58162b56,charlescollins,Thomas Zimmerman,767 Joshua Trail Suite 365,MD,3619,3/12/1969 17:48,davidarcher@yahoo.com,null,549112,null,null,null,null,null
,,,North Melissa,,,,,,,,,,,
5ca4bbcea2dd94ee58162b57,melinda02,Stephen Roberts,54648 Washington Camp Apt. 770,AL,16601,4/21/1990 0:56,angela75@yahoo.com,null,678540,789739,454289,null,null,null
,,,Lauraland,,,,,,,,,,,
5ca4bbcea2dd94ee58162b58,derek98,Sandra Davila,599 Joshua Shore,MD,39549,10/7/1972 3:25,rgraham@hotmail.com,null,795756,903651,149247,133163,652071,921410
,,,East Nancymouth,,,,,,,,,,,
5ca4bbcea2dd94ee58162b59,spencealexis,Michael Bradley,743 Brian Causeway Apt. 508,NC,94262,11/3/1994 6:32,williamsmichael@yahoo.com,null,741476,815377,150713,370583],null,null
,,,Port Toddchester,,,,,,,,,,,
5ca4bbcea2dd94ee58162b5a,ubentley,Rita Brown,5594 Allison Bypass,DE,44553,9/23/1994 13:53,jonesseth@gmail.com,null,378693,616040,631593,299072,691740,null
,,,Port Tamara,,,,,,,,,,,
5ca4bbcea2dd94ee58162b5b,richardsanchez,James Mooney,USS Smith,null,82505,3/22/1990 9:11,samuelvalencia@gmail.com,null,729536,723307,null,null,null,null
,,,FPO AP,,,,,,,,,,,
5ca4bbcea2dd94ee58162b5c,zachary93,Christine Robinson,1699 Perez Villages,ND,40453,11/24/1967 10:28,whitebrandon@hotmail.com,null,647189,443252,451189,null,null,null
,,,Lanechester,,,,,,,,,,,
5ca4bbcea2dd94ee58162b5d,qwaller,Dr. Derek Maldonado,76956 Wong Estate,SD,39144,6/17/1973 22:56,jasonkennedy@yahoo.com,null,622916,53124,657243,499604,168924,731206
,,,Port Zachary,,,,,,,,,,,
5ca4bbcea2dd94ee58162b5e,elizabethjackson,Matthew Chapman,04133 Sandra Park,FL,97317,8/28/1979 17:37,twatkins@yahoo.com,null,82008,855373,155475,262642,105134,null
,,,Lake Jessicafurt,,,,,,,,,,,
5ca4bbcea2dd94ee58162b5f,madeline96,Phillip Molina,0101 Brown Grove Apt. 002,MN,23427,4/3/1976 16:19,steven93@gmail.com,null,924182,700899,226865,604215,300405,980056
,,,Castilloville,,,,,,,,,,,
5ca4bbcea2dd94ee58162b60,rhondagreene,Jesus Williams,USS Villanueva,null,71013,2/14/1983 11:36,tiffanyblackburn@yahoo.com,null,493938,976021,null,null,null,null
,,,FPO AP,,,,,,,,,,,
5ca4bbcea2dd94ee58162b61,samantha27,Tracy Rice,USNV Mckay,null,13548,5/13/1969 22:14,shane72@gmail.com,null,101920,156715,515170,101383,261796,803669
,,,FPO AE,,,,,,,,,,,
5ca4bbcea2dd94ee58162b62,kylewilliams,Jordan Parker,02532 Brown Loaf Apt. 489,NM,75842,12/31/1973 10:42,pamelacastillo@hotmail.com,null,683108,138634,377488,918519,637895,351905
,,,South Tanyaport,,,,,,,,,,,
5ca4bbcea2dd94ee58162b63,weaverlarry,Jonathan Strong,398 Carpenter Park,MT,74208,7/9/1985 11:01,hansonmichael@gmail.com,null,540341,363138,495198,616103],null,null
,,,Bakerfurt,,,,,,,,,,,
5ca4bbcea2dd94ee58162b64,andrew79,Dr. Matthew Archer,37286 Megan Isle Apt. 061,GA,12685,8/18/1986 3:03,johnsonjennifer@hotmail.com,null,455317,792665,914514,null,null,null
,,,East Natalie,,,,,,,,,,,
5ca4bbcea2dd94ee58162b65,bakerandre,Michelle Jones,76197 Mary Turnpike,ME,3093,12/3/1972 11:54,natasha35@hotmail.com,null,181212,null,null,null,null,null
,,,Port Susanshire,,,,,,,,,,,
5ca4bbcea2dd94ee58162b66,ryan87,Victoria Delacruz,128 Philip Underpass Apt. 859,WV,46842,1/27/1986 5:48,jasonrandolph@hotmail.com,null,853387,517750,537968,163269,124977,null
,,,Port Stefanie,,,,,,,,,,,
5ca4bbcea2dd94ee58162b67,morgandenise,Nathan Thompson,10974 Melanie Landing,AL,29091,5/5/1988 10:16,claynathaniel@yahoo.com,null,382550,360452,406971,759185,774952,327655
,,,Cooperfort,,,,,,,,,,,
5ca4bbcea2dd94ee58162b68,ecollins,Jessica Butler,3240 Pamela Streets Suite 727,CT,41859,10/5/1979 16:30,marcia71@gmail.com,null,410092,null,null,null,null,null
,,,Hurleyview,,,,,,,,,,,
5ca4bbcea2dd94ee58162b69,qramsey,Sierra Williams,USNS Mills,null,3265,4/9/1996 20:22,janetcardenas@yahoo.com,null,580317,279899,904799,611229,321208,null
,,,FPO AP,,,,,,,,,,,
5ca4bbcea2dd94ee58162b6a,selenamunoz,William Taylor,01123 Walters Lock,CT,37413,11/9/1967 16:03,wrose@hotmail.com,null,923190,727418,null,null,null,null
,,,Alexanderborough,,,,,,,,,,,
5ca4bbcea2dd94ee58162b6b,nlawson,Kelly Hinton,6151 Sandra Plains Apt. 457,ND,5529,10/10/1969 15:52,david02@hotmail.com,null,59715,null,null,null,null,null
,,,South Alyssa,,,,,,,,,,,
5ca4bbcea2dd94ee58162b6c,xgrant,Angela Jones,Unit 2343 Box 2889,null,18644,2/26/1982 6:11,ronald23@hotmail.com,null,485390,446747,952430,357510,837317,62845
,,,DPO AA,,,,,,,,,,,
5ca4bbcea2dd94ee58162b6d,todd60,Michael Morgan,PSC 2691,Box 6333,24936,6/27/1993 3:52,lgarcia@yahoo.com,null,425815,681468,87409,154391,455365,243254
,,,,APO AP,,,,,,,,,,
5ca4bbcea2dd94ee58162b6e,twright,Dr. Gloria Diaz DDS,572 Joseph Walks,FL,80810,7/27/1969 21:57,bsherman@hotmail.com,null,177799,176639,808642,317556],null,null
,,,East Joshua,,,,,,,,,,,
5ca4bbcea2dd94ee58162b6f,rcannon,Mario Rice PhD,744 Tracy Trail,NY,3203,10/5/1992 17:49,ttran@gmail.com,null,547625,578413,211992,null,null,null
,,,Robertsstad,,,,,,,,,,,
5ca4bbcea2dd94ee58162b70,alexandra72,Amy Bennett,6327 Jones Manors,KY,17918,6/1/1978 3:10,zhines@yahoo.com,null,337202,244662,120472,null,null,null
,,,East Daniel,,,,,,,,,,,
5ca4bbcea2dd94ee58162b71,beverly20,Tonya Vega,1090 Danny Stravenue,IA,58766,5/15/1970 5:36,brooke86@yahoo.com,null,525945,null,null,null,null,null
,,,Clarkville,,,,,,,,,,,
5ca4bbcea2dd94ee58162b72,nicolesmith,Robert Hooper,7900 Clark Way,WA,20744,10/31/1976 4:35,stephenmassey@hotmail.com,null,777752,678779,null,null,null,null
,,,Johnmouth,,,,,,,,,,,
5ca4bbcea2dd94ee58162b73,stephaniefreeman,Erika Davies,61450 Megan Manor,VT,94337,7/21/1988 17:40,nguyendenise@gmail.com,null,505282,773322,315164,null,null,null
,,,Lake Justinberg,,,,,,,,,,,
5ca4bbcea2dd94ee58162b74,vjordan,Emily King,70636 Green Islands Apt. 910,AL,75045,2/5/1982 5:01,hgarza@yahoo.com,null,333642,245503,null,null,null,null
,,,Vincentton,,,,,,,,,,,
5ca4bbcea2dd94ee58162b75,perezsarah,Amanda Best,068 Stone Squares,MT,34028,1/5/1980 9:10,dustinunderwood@gmail.com,null,87191,642929,738278,74632,77032,null
,,,Branchland,,,,,,,,,,,
5ca4bbcea2dd94ee58162b76,whitejill,Fred Wang,7485 Katherine Mountain Apt. 485,ND,60908,2/7/1974 5:55,ryanwilliams@gmail.com,null,544701,782938,63141,712356,604077,198307
,,,Port Mollymouth,,,,,,,,,,,
5ca4bbcea2dd94ee58162b77,joshua19,Rachel Hunter,154 Johnson Turnpike,AZ,99705,2/2/1989 7:12,michael95@gmail.com,null,584846,895913,456867,364643],null,null
,,,Lake Phillip,,,,,,,,,,,
5ca4bbcea2dd94ee58162b78,briana39,Christopher Adkins,4357 Samuel Circle,MO,23101,9/24/1989 20:40,bbeasley@hotmail.com,null,557174,431260,130717,59768,92217,null
,,,North Jacksonview,,,,,,,,,,,
5ca4bbcea2dd94ee58162b79,peter77,Jacqueline Dixon,0960 Evans Mountain Apt. 236,NC,56886,4/21/1981 5:21,cindyarmstrong@gmail.com,null,514695,587785,572301,198855,505260,null
,,,South Daniel,,,,,,,,,,,
5ca4bbcea2dd94ee58162b7a,jgutierrez,Karen Wise,44333 Justin Fort,PA,70750,8/13/1992 16:37,mark99@hotmail.com,null,859762,575786,54368,111287],null,null
,,,East Brandonport,,,,,,,,,,,
5ca4bbcea2dd94ee58162b7b,ncardenas,David Chung,84522 Raymond Stravenue,OR,19575,8/11/1974 19:44,isweeney@hotmail.com,null,55104,745028,677943,558048,622628,null
,,,East Joshuahaven,,,,,,,,,,,
5ca4bbcea2dd94ee58162b7c,bryanjones,David Brown,976 Diana Path,VT,5609,4/18/1972 11:13,brianjohnson@hotmail.com,null,838666,741535,958411,868418],null,null
,,,Louisville,,,,,,,,,,,
5ca4bbcea2dd94ee58162b7d,avaughan,Dennis Newton,44728 Amanda Green Suite 585,HI,43588,4/15/1968 11:48,wnelson@hotmail.com,null,89646,610763,925342,570599,355301,null
,,,New Kathleen,,,,,,,,,,,
5ca4bbcea2dd94ee58162b7e,mccartyjonathan,Deanna Howard,812 Bryan Shores,AR,61586,7/22/1991 23:26,jonesmatthew@gmail.com,null,689984,null,null,null,null,null
,,,Port Heatherland,,,,,,,,,,,
5ca4bbcea2dd94ee58162b7f,zimmermanchristopher,Thomas Barber,2680 Mcgee View Suite 555,WY,26335,9/3/1968 10:42,jeffrey21@yahoo.com,null,624318,874631,96224,null,null,null
,,,South Jerryview,,,,,,,,,,,
5ca4bbcea2dd94ee58162b80,ayalafrances,Tracy Harrison,146 Williams Groves Apt. 319,HI,26492,1/16/1995 0:43,sgardner@gmail.com,null,482719,876756,483041,552022,203285,null
,,,Danielleborough,,,,,,,,,,,
5ca4bbcea2dd94ee58162b81,hpatrick,Mrs. Sara Maxwell,468 Fuller Harbors,DC,97762,4/30/1980 12:31,rgordon@yahoo.com,null,129343,744624,303388,711252,928506,265264
,,,Marilynshire,,,,,,,,,,,
5ca4bbcea2dd94ee58162b82,avega,Brianna Turner,02811 Brown Wells,RI,60240,12/21/1974 22:56,kaylaperez@hotmail.com,null,841135,57322,null,null,null,null
,,,North Melissaborough,,,,,,,,,,,
5ca4bbcea2dd94ee58162b83,edward39,Maria Myers,751 Hernandez Ramp,PA,97798,5/13/1991 19:07,bwiley@hotmail.com,null,845284,806864,621061,951017],null,null
,,,Lake Carrieborough,,,,,,,,,,,
5ca4bbcea2dd94ee58162b84,walshtimothy,Michael Martinez,USCGC Bautista,null,49728,3/5/1994 9:25,isaachart@yahoo.com,null,955053,459826,696749,436291,932130,65661
,,,FPO AE,,,,,,,,,,,
5ca4bbcea2dd94ee58162b85,blairholly,Jennifer Moore,491 Davies Lodge Suite 572,MS,97025,6/4/1992 13:13,jcortez@gmail.com,null,174786,954254,387816,null,null,null
,,,Davenportburgh,,,,,,,,,,,
5ca4bbcea2dd94ee58162b86,briannamercado,Summer Cunningham,6855 Bailey Bypass Suite 417,ID,14820,8/3/1972 16:24,patriciasmith@hotmail.com,null,177869,253017,null,null,null,null
,,,New Cynthiaview,,,,,,,,,,,
5ca4bbcea2dd94ee58162b87,yjohnson,Jessica Parker,28926 Casey Views,NJ,10756,8/24/1976 16:33,schmittbrian@hotmail.com,null,357823,175615,122436,null,null,null
,,,East Ronald,,,,,,,,,,,
5ca4bbcea2dd94ee58162b88,holmesjasmine,Sherri Bailey,94711 Michelle Road Apt. 971,FL,17776,2/15/1972 17:48,rgarcia@gmail.com,null,460439,null,null,null,null,null
,,,East Candace,,,,,,,,,,,
5ca4bbcea2dd94ee58162b89,martinallen,Colleen Watson,153 Ramirez Mountains,IA,16827,6/12/1994 6:54,shane95@yahoo.com,null,417993,436056,446093,930584,153460,453177
,,,Hardyfort,,,,,,,,,,,
5ca4bbcea2dd94ee58162b8a,qnelson,Natalie Wise,69001 Peter Island Apt. 117,VT,75100,2/16/1976 11:43,berryryan@yahoo.com,null,851625,738145,591110,114739,941541,572998
,,,Johnsonville,,,,,,,,,,,
5ca4bbcea2dd94ee58162b8b,imurphy,Wendy Thomas,13671 Cheryl Harbor,NJ,44465,10/1/1989 18:06,karenmosley@hotmail.com,null,67224,904392,312854,null,null,null
,,,Wilkersonside,,,,,,,,,,,
5ca4bbcea2dd94ee58162b8c,markjohnson,Kevin Martin,6127 Darius Trafficway,SD,94103,9/26/1989 21:11,hsosa@hotmail.com,null,502774,201361,811606,null,null,null
,,,East Jeffreyview,,,,,,,,,,,
5ca4bbcea2dd94ee58162b8d,warrenashley,Joe Little,262 Garcia Creek,GA,41410,2/28/1992 8:29,kaitlyngill@hotmail.com,null,809938,182103,435187,950438],null,null
,,,Lindseyberg,,,,,,,,,,,
5ca4bbcea2dd94ee58162b8e,timothyvelasquez,Anna Flowers,3966 Cain Burg,KY,49162,10/19/1971 21:07,qblake@yahoo.com,null,972116,755845,510435,206973],null,null
,,,Castilloport,,,,,,,,,,,
5ca4bbcea2dd94ee58162b8f,jeffaustin,Benjamin Miller,Unit 3599 Box 4173,null,44396,3/27/1974 8:04,vgarcia@yahoo.com,null,691917,null,null,null,null,null
,,,DPO AE,,,,,,,,,,,
5ca4bbcea2dd94ee58162b90,tammygonzalez,Ashley Rodriguez,94038 Luis Garden,MI,51943,11/11/1969 4:57,gnichols@gmail.com,null,249078,660047,627788,428217,526519,814901
,,,Williamsstad,,,,,,,,,,,
5ca4bbcea2dd94ee58162b91,wilsonandrew,Kelsey Ryan,11362 Underwood Stravenue Apt. 756,NJ,77963,2/18/1988 23:25,mcarr@hotmail.com,null,412107,276878,436380,null,null,null
,,,North Mark,,,,,,,,,,,
5ca4bbcea2dd94ee58162b92,lisaroberts,Daniel Turner,5498 Sandra Drive Suite 397,AZ,71732,7/29/1966 18:15,gmccarthy@yahoo.com,null,576646,null,null,null,null,null
,,,West Nancy,,,,,,,,,,,
5ca4bbcea2dd94ee58162b93,wellsjoseph,Michelle Phillips,4288 Lauren Lodge,NJ,28196,11/3/1966 8:56,harttommy@hotmail.com,null,168349,368133,483220,null,null,null
,,,Lisaton,,,,,,,,,,,
5ca4bbcea2dd94ee58162b94,karenfarrell,Charles Flores,63432 Morton Mills,MA,22487,2/2/1972 2:42,rebecca51@hotmail.com,null,558623,262488,null,null,null,null
,,,Alexischester,,,,,,,,,,,
5ca4bbcea2dd94ee58162b95,wesleygill,William Peterson,697 Atkins Viaduct,NV,23995,8/8/1989 23:53,murphyjenna@hotmail.com,null,174471,null,null,null,null,null
,,,Farrellbury,,,,,,,,,,,
5ca4bbcea2dd94ee58162b96,mwells,Richard Benson,666 Jennifer Shores,CO,13506,4/10/1976 19:15,justinweaver@gmail.com,null,371349,849780,667881,918539,147085,null
,,,Vincentburgh,,,,,,,,,,,
5ca4bbcea2dd94ee58162b97,bmoran,Jessica Russell,185 Brandon Ways,AR,26841,5/31/1983 16:16,larsenmathew@yahoo.com,null,676471,162572,624859,442357,332860,185104
,,,Hernandezstad,,,,,,,,,,,
5ca4bbcea2dd94ee58162b98,dpitts,Nicholas Brown,547 Nunez Crossing,CT,81646,5/19/1967 7:50,steven83@hotmail.com,null,532811,701602,null,null,null,null
,,,Port Williamchester,,,,,,,,,,,
5ca4bbcea2dd94ee58162b99,christophercooper,Denise Curtis,942 Jennifer Forest,MI,96943,3/6/1975 13:46,fmoore@hotmail.com,null,385025,412109,201161,null,null,null
,,,Watkinsburgh,,,,,,,,,,,
5ca4bbcea2dd94ee58162b9a,mollyspencer,Bryan Torres,67599 Bradley Mount,OK,56749,9/25/1985 22:02,mcintyrewhitney@yahoo.com,null,452100,339477,657111,372015,831465,null
,,,South Matthewmouth,,,,,,,,,,,
5ca4bbcea2dd94ee58162b9b,campbellalicia,Wesley Rodriguez,9230 Christine Court,WA,20784,12/19/1969 17:38,fergusonshane@gmail.com,null,745392,385319,null,null,null,null
,,,North Manuel,,,,,,,,,,,
5ca4bbcea2dd94ee58162b9c,ricechristina,Crystal Jimenez,9832 Patricia Valley Suite 779,HI,7968,7/6/1992 11:36,snydertonya@yahoo.com,null,501702,796043,959196,768386,396044,490490
,,,Port Samantha,,,,,,,,,,,
5ca4bbcea2dd94ee58162b9d,anntaylor,Jennifer Wells,USNV Williams,null,18989,8/23/1967 16:17,paulrojas@yahoo.com,null,664029,870028,null,null,null,null
,,,FPO AE,,,,,,,,,,,
5ca4bbcea2dd94ee58162b9e,rebecca18,Mariah Dixon,Unit 6293 Box 6265,null,27288,8/9/1978 7:38,abrown@hotmail.com,null,478510,212579,688901,97500,506677,261128
,,,DPO AA,,,,,,,,,,,
5ca4bbcea2dd94ee58162b9f,zgrant,James Gibson,6748 Elizabeth Valley,MO,92995,10/2/1990 14:31,hortega@gmail.com,null,168620,779716,332256,85791,271625,995700
,,,Gentryton,,,,,,,,,,,
5ca4bbcea2dd94ee58162ba0,zcole,Shawn Austin,84228 Alison Rest Suite 507,NC,75240,11/30/1970 8:30,cameron37@hotmail.com,null,693557,73934,627788,539248,390126,533671
,,,Timothyshire,,,,,,,,,,,
5ca4bbcea2dd94ee58162ba1,brownbrian,Michele Mitchell,631 Donna Forges,OK,12233,9/13/1984 7:22,juanmalone@gmail.com,null,962477,505367,null,null,null,null
,,,South John,,,,,,,,,,,
5ca4bbcea2dd94ee58162ba2,jennifer58,James Frazier,PSC 3598,Box 2643,46452,3/2/1986 7:08,wfigueroa@hotmail.com,null,83546,225930,null,null,null,null
,,,,APO AA,,,,,,,,,,
5ca4bbcea2dd94ee58162ba3,hthornton,Jacob Green,7452 Lopez Plain Suite 634,IN,86521,1/6/1992 3:06,gjohnson@gmail.com,null,691668,340147,154636,null,null,null
,,,East Samanthamouth,,,,,,,,,,,
5ca4bbcea2dd94ee58162ba4,caroline49,Jennifer Carter,720 Miller Circle,NM,3319,1/4/1992 20:01,hatfieldcurtis@yahoo.com,null,881765,76339,null,null,null,null
,,,Parkschester,,,,,,,,,,,
5ca4bbcea2dd94ee58162ba5,johnsonbarbara,April Smith,6182 Johnson Ridge,VT,78879,11/22/1988 7:06,flewis@gmail.com,null,223583,222061,889573,509384,471113,null
,,,South Jacob,,,,,,,,,,,
5ca4bbcea2dd94ee58162ba6,sherryrobinson,Christopher Clark,277 Spencer Station,WY,49323,1/21/1984 19:37,ebaker@yahoo.com,null,726966,363315,null,null,null,null
,,,Hardyside,,,,,,,,,,,
5ca4bbcea2dd94ee58162ba7,walkerashley,Marc Cain,39716 Sims Stravenue Apt. 559,DC,92306,4/10/1997 23:31,kennethrodgers@gmail.com,null,980440,626807,313907,218101,157495,736396
,,,Sloanland,,,,,,,,,,,
5ca4bbcea2dd94ee58162ba8,uvelazquez,Austin Owens,0820 Kristen Forges Apt. 014,NJ,29778,9/20/1995 13:33,stephaniemartin@gmail.com,null,225728,130610,470206,771935,995034,null
,,,Lake Timothy,,,,,,,,,,,
5ca4bbcea2dd94ee58162ba9,zgraham,Scott Fisher,219 Wells Brooks,VA,1337,1/27/1992 19:11,nicholasbrown@hotmail.com,null,206062,632705,684319,654392,491353,593963
,,,West Michelle,,,,,,,,,,,
5ca4bbcea2dd94ee58162baa,lisapowell,Yolanda Harris,4992 Lawson Pine,RI,33284,12/11/1978 23:18,jennifer79@yahoo.com,null,384335,317449,719393,556338],null,null
,,,North Ashleystad,,,,,,,,,,,
5ca4bbcea2dd94ee58162bab,kayla67,David Nash,20181 Heather Fields,OK,25193,3/14/1971 17:05,jeffery58@hotmail.com,null,671031,255267,null,null,null,null
,,,Port Margaretstad,,,,,,,,,,,
5ca4bbcea2dd94ee58162bac,emiller,Debra Gross,59899 Kathy Rest Suite 612,FL,9743,7/4/1996 20:28,stacey30@gmail.com,null,591839,547567,833317,358684,519072,null
,,,Gardnerborough,,,,,,,,,,,
5ca4bbcea2dd94ee58162bad,lschwartz,Scott Campbell,727 Duncan Cape Apt. 588,AR,37546,6/27/1969 11:13,mmccullough@gmail.com,null,884822,238662,238373,308215],null,null
,,,Coxton,,,,,,,,,,,
5ca4bbcea2dd94ee58162bae,terrychristine,Nicholas Simon,49324 Paul Mountains Suite 032,LA,7272,3/2/1996 18:13,jlewis@gmail.com,null,965232,null,null,null,null,null
,,,New Erinbury,,,,,,,,,,,
5ca4bbcea2dd94ee58162baf,joel58,Kirsten Martinez,7391 Trevor Creek Suite 466,MO,29582,4/18/1995 0:22,sharonross@yahoo.com,null,240753,51617,null,null,null,null
,,,Port Brandonside,,,,,,,,,,,
5ca4bbcea2dd94ee58162bb0,hornlucas,Jill Hodges,7914 Brown Crossroad Apt. 741,MS,18684,2/14/1972 6:17,robinsonscott@gmail.com,null,462528,614544,903675,58303,500991,null
,,,Christophermouth,,,,,,,,,,,
5ca4bbcea2dd94ee58162bb1,nmason,Felicia Perez,4566 Laura Drive,CO,47513,11/25/1978 2:21,xperez@yahoo.com,null,328915,736326,655073,553343,71148,484387
,,,Dianeshire,,,,,,,,,,,
5ca4bbcea2dd94ee58162bb2,gwendolynwilliams,Kenneth Green,Unit 0999 Box 3326,null,33827,2/1/1970 22:52,fharris@hotmail.com,null,302149,96431,987355,null,null,null
,,,DPO AE,,,,,,,,,,,
5ca4bbcea2dd94ee58162bb3,nguyenjulie,Danielle Hancock,3649 Richard Trace Suite 439,NY,95065,7/8/1969 2:34,lbutler@yahoo.com,null,188363,183253,429119,823908,618708,434613
,,,North Mariahfort,,,,,,,,,,,
5ca4bbcea2dd94ee58162bb4,rodney14,Jaime Downs,613 Jamie Canyon,AK,36686,3/11/1985 0:11,stevenlucero@yahoo.com,null,164260,266920,null,null,null,null
,,,Cristinashire,,,,,,,,,,,
5ca4bbcea2dd94ee58162bb5,williamadams,Lisa Clark,0682 Davis Green Apt. 663,HI,81359,6/25/1988 13:46,mooreangela@hotmail.com,null,997433,763768,153377,null,null,null
,,,Lake Caitlin,,,,,,,,,,,
5ca4bbcea2dd94ee58162bb6,catherine45,Elizabeth Smith,USNV Baker,null,78421,7/12/1979 13:07,elizabethvaughn@hotmail.com,null,856329,219169,875074,179020,753126,540237
,,,FPO AE,,,,,,,,,,,
5ca4bbcea2dd94ee58162bb7,patrick23,Rachel Sanders,71143 Martin Road Suite 248,SC,27275,9/4/1995 10:00,srobinson@gmail.com,null,519639,846344,833631,813161,628472,820176
,,,North Tiffany,,,,,,,,,,,
5ca4bbcea2dd94ee58162bb8,andrea41,Jennifer Rush,84147 Green Path Apt. 309,MS,40793,12/1/1969 9:43,cjordan@hotmail.com,null,178000,885960,118134,558061,216662,null
,,,Wendyland,,,,,,,,,,,
5ca4bbcea2dd94ee58162bb9,morrowhenry,Lauren Hernandez,1333 Michael Village,KY,13083,3/8/1995 19:25,seanrobles@gmail.com,null,77397,921629,153224,910860],null,null
,,,North Melindaton,,,,,,,,,,,
5ca4bbcea2dd94ee58162bba,joneskevin,Adam Serrano,015 Sarah Run,MT,16270,5/13/1978 1:36,hstewart@hotmail.com,null,683393,null,null,null,null,null
,,,Guzmanville,,,,,,,,,,,
5ca4bbcea2dd94ee58162bbb,odonnellbrandon,Justin Thompson,1982 Cordova Circles Suite 211,RI,43596,4/22/1979 9:58,stevenjenkins@yahoo.com,null,981710,550456,94177,90414,122551,69394
,,,Rachaelberg,,,,,,,,,,,
5ca4bbcea2dd94ee58162bbc,uortiz,Megan Tanner,57817 Julie Tunnel,OK,38895,4/5/1980 21:55,jamesgregory@gmail.com,null,227194,611998,730824,258443,412013,434948
,,,Tarahaven,,,,,,,,,,,
5ca4bbcea2dd94ee58162bbd,mgray,Charles Smith,358 Riggs Motorway,AZ,93441,5/1/1996 22:39,michelle34@yahoo.com,null,345766,871666,398775,770487],null,null
,,,North Kevin,,,,,,,,,,,
5ca4bbcea2dd94ee58162bbe,lisa89,Carlos Lee,97864 Joanne Lights Suite 396,OK,24095,4/10/1991 2:27,jonathan41@gmail.com,null,541119,158757,317931,614670,632145,973739
,,,Curtisshire,,,,,,,,,,,
5ca4bbcea2dd94ee58162bbf,bobby06,Ashley Little,72759 Walker Drive Suite 288,RI,52592,4/19/1994 7:01,aadkins@hotmail.com,null,816962,692687,632543,390745,123689,762032
,,,Jessicachester,,,,,,,,,,,
5ca4bbcea2dd94ee58162bc0,zcampbell,Gregory King,64254 Rubio Islands,MN,82484,8/19/1974 16:38,christopher17@yahoo.com,null,862214,981035,97487,506845,447044,null
,,,Hobbsstad,,,,,,,,,,,
5ca4bbcea2dd94ee58162bc1,durankatie,Joshua Daniels,308 Nathaniel Row,MD,14577,10/12/1985 3:00,mcdowelldaniel@hotmail.com,null,426335,308785,541517,451481,906290,null
,,,Dicksonstad,,,,,,,,,,,
5ca4bbcea2dd94ee58162bc2,emily13,Colin Mueller,751 Susan Coves Apt. 530,MT,52895,2/23/1986 1:44,watsonsean@gmail.com,null,186687,470078,154492,null,null,null
,,,Davidtown,,,,,,,,,,,
5ca4bbcea2dd94ee58162bc3,steven82,Michael Gomez,8982 Yolanda Club Apt. 545,NC,75999,8/10/1988 9:25,sgillespie@gmail.com,null,516280,null,null,null,null,null
,,,South Brianmouth,,,,,,,,,,,
5ca4bbcea2dd94ee58162bc4,qjohnson,Stephanie Patterson,335 Joseph Valleys,CO,52060,11/12/1973 8:47,eclark@gmail.com,null,260504,null,null,null,null,null
,,,North Peterland,,,,,,,,,,,
5ca4bbcea2dd94ee58162bc5,bishopshawn,Michael Evans,79822 Michael Trail Suite 803,IN,36580,11/28/1985 3:18,greggreen@gmail.com,null,595585,243963,936320,468861],null,null
,,,West Kelly,,,,,,,,,,,
5ca4bbcea2dd94ee58162bc6,michael24,Terry Nicholson,08337 Houston Plain Suite 594,NC,51711,3/31/1988 22:53,sanchezalex@yahoo.com,null,620350,797297,352008,360322,913332,373260
,,,South Bradley,,,,,,,,,,,
5ca4bbcea2dd94ee58162bc7,ashley98,Danielle Williams,09325 Hudson Mission,MS,44746,2/21/1977 0:12,jeremy58@gmail.com,null,392268,68034,null,null,null,null
,,,Brownview,,,,,,,,,,,
5ca4bbcea2dd94ee58162bc8,courtneyholland,Emily Guerra,PSC 6295,Box 9229,35389,6/15/1976 1:13,wwilson@gmail.com,null,287076,782023,568897,905866],null,null
,,,,APO AE,,,,,,,,,,
5ca4bbcea2dd94ee58162bc9,suzanne81,Belinda Khan,2207 Walters Camp Apt. 682,MS,61646,6/14/1985 9:42,sherry31@yahoo.com,null,436662,791099,906770,375486,299822,469791
,,,South Sabrinamouth,,,,,,,,,,,
5ca4bbcea2dd94ee58162bca,roconnor,Robert Obrien,9800 Camacho Lane,WV,39265,5/13/1989 11:18,sfreeman@gmail.com,null,497929,null,null,null,null,null
,,,South Benjaminburgh,,,,,,,,,,,
5ca4bbcea2dd94ee58162bcb,scottfisher,Rebecca Wheeler,357 Stevens Pine,KY,10397,8/26/1976 11:18,clinton96@gmail.com,null,444626,570536,761387,null,null,null
,,,West Stacyland,,,,,,,,,,,
5ca4bbcea2dd94ee58162bcc,sydney77,Anthony Spencer,17623 Barber Harbors,NY,7309,11/29/1996 7:23,kpaul@hotmail.com,null,384111,894663,459185,809533,292438,718470
,,,Garciashire,,,,,,,,,,,
5ca4bbcea2dd94ee58162bcd,steve73,Stacey Mccall,3567 Gonzalez Ford Apt. 807,MO,6535,12/31/1973 3:17,lisasandoval@gmail.com,null,879203,932908,712597,798380,802298,null
,,,North Cody,,,,,,,,,,,
5ca4bbcea2dd94ee58162bce,alvarezdavid,Paul Rogers,3831 Matthew Route Suite 791,OH,33846,4/17/1989 23:25,lbrown@hotmail.com,null,494340,363061,323327,null,null,null
,,,Reynoldsburgh,,,,,,,,,,,
5ca4bbcea2dd94ee58162bcf,courtneysexton,April Moore,USCGC Howard,null,76354,1/20/1969 12:11,zanderson@hotmail.com,null,413410,null,null,null,null,null
,,,FPO AE,,,,,,,,,,,
5ca4bbcea2dd94ee58162bd0,joshua52,Lauren Byrd,89911 Alexander Mill Suite 495,WA,55858,9/27/1981 20:26,powerstina@hotmail.com,null,462180,515560,549170,931602],null,null
,,,New Shawnside,,,,,,,,,,,
5ca4bbcea2dd94ee58162bd1,patricia65,Amy White,PSC 7314,Box 2333,72139,10/13/1982 5:41,ywright@gmail.com,null,498251,null,null,null,null,null
,,,,APO AP,,,,,,,,,,
5ca4bbcea2dd94ee58162bd2,pwarren,Tommy Mcguire,77321 Richard Landing Suite 513,MO,50692,5/16/1977 4:38,qmullen@gmail.com,null,585228,225511,371974,null,null,null
,,,Davidfurt,,,,,,,,,,,
5ca4bbcea2dd94ee58162bd3,jeremiah94,Tanya Bryant,6459 Garcia Parkways,ID,24884,12/8/1976 21:31,linjeremy@gmail.com,null,234369,437245,333684,120917,248398,909802
,,,North Nicholasside,,,,,,,,,,,
5ca4bbcea2dd94ee58162bd4,cbradley,Jimmy Reed,373 Dixon Pines Apt. 549,CA,54839,8/24/1969 2:53,dmathis@gmail.com,null,445672,null,null,null,null,null
,,,Cainburgh,,,,,,,,,,,
5ca4bbcea2dd94ee58162bd5,mirandajones,Jacqueline Green,2761 Sanchez Mountain,ME,9781,2/7/1977 4:41,wesleypena@yahoo.com,null,603062,807359,827390,918097,835570,489563
,,,South Isaachaven,,,,,,,,,,,
5ca4bbcea2dd94ee58162bd6,pbrown,Natalie Navarro,02098 Williams Creek Suite 388,DC,52242,12/1/1971 5:45,greernatasha@gmail.com,null,661661,314671,371629,718678],null,null
,,,Christineburgh,,,,,,,,,,,
5ca4bbcea2dd94ee58162bd7,robin78,Jeffrey Reeves,73451 Thomas Flat Apt. 779,WY,28035,8/22/1970 19:37,jimeneztracey@gmail.com,null,816225,501213,960469,950785,344107,null
,,,West Davidport,,,,,,,,,,,
5ca4bbcea2dd94ee58162bd8,obrienstephanie,Pedro Bowers,9482 Hannah Summit,ME,22913,10/9/1976 21:01,jamiereynolds@hotmail.com,null,953567,147275,546681,null,null,null
,,,Lake Karen,,,,,,,,,,,
5ca4bbcea2dd94ee58162bd9,charles28,Christian Martinez,9129 Collins Island,IL,69775,2/13/1988 11:37,garciaalexander@gmail.com,null,51645,966314,913758,null,null,null
,,,New Stephanie,,,,,,,,,,,
5ca4bbcea2dd94ee58162bda,eric29,Loretta Hernandez,915 Morrow Fall,NC,59297,7/31/1975 8:34,cabreracassandra@gmail.com,null,463119,89466,141586,765101],null,null
,,,Goodwinfort,,,,,,,,,,,
5ca4bbcea2dd94ee58162bdb,utorres,Stanley Bishop,3288 Chelsea Wells Apt. 480,NE,95207,5/6/1976 13:18,franciscomoore@gmail.com,null,208252,936999,825051,943710,292224,307731
,,,Serranoberg,,,,,,,,,,,
5ca4bbcea2dd94ee58162bdc,patrick05,Curtis Walter,42614 Hartman Drive Suite 169,NC,31349,12/2/1972 19:28,jevans@yahoo.com,null,59378,181687,448304,754737,176390,null
,,,Yangside,,,,,,,,,,,
5ca4bbcea2dd94ee58162bdd,hardinsharon,Jodi Hunter,1564 Lopez Manors Suite 771,MA,20023,1/13/1976 0:09,lynnpierce@gmail.com,null,304194,null,null,null,null,null
,,,West Dustin,,,,,,,,,,,
5ca4bbcea2dd94ee58162bde,lawrence38,Elizabeth French,302 Julian Union Suite 005,VA,76946,1/31/1994 23:55,opage@gmail.com,null,934872,446688,739622,992602],null,null
,,,Lake Christychester,,,,,,,,,,,
5ca4bbcea2dd94ee58162bdf,michelewilliams,Elizabeth Robinson,441 Young Shore Suite 274,AZ,49034,3/22/1986 17:04,johnbarrett@yahoo.com,null,511276,null,null,null,null,null
,,,Port Janicemouth,,,,,,,,,,,
5ca4bbcea2dd94ee58162be0,hernandezlauren,Sandra Armstrong,PSC 4729,Box 9374,32725,5/24/1995 6:38,walshbryan@yahoo.com,null,184422,950726,879735,713819,950555,289492
,,,,APO AA,,,,,,,,,,
5ca4bbcea2dd94ee58162be1,nicholassnyder,James Moore,7416 Mark Plains,ID,12108,11/19/1988 10:03,burgessgary@gmail.com,null,211212,233540,null,null,null,null
,,,Arnoldville,,,,,,,,,,,
5ca4bbcea2dd94ee58162be2,uklein,Christopher Knox,699 Garcia Mount Suite 453,NV,75769,3/28/1996 13:42,vbrown@hotmail.com,null,943953,611425,189806,384995],null,null
,,,Campbellberg,,,,,,,,,,,
5ca4bbcea2dd94ee58162be3,jennifer54,Alexis Miller,5456 Richard Hollow,CA,71516,7/16/1973 4:58,mcconnellmonique@hotmail.com,null,635729,784910,600800,741762],null,null
,,,Jacobshire,,,,,,,,,,,
5ca4bbcea2dd94ee58162be4,aspencer,Mary Thomas,Unit 4813 Box 5247,null,57279,1/21/1986 19:48,qsmith@yahoo.com,null,675631,82071,null,null,null,null
,,,DPO AA,,,,,,,,,,,
5ca4bbcea2dd94ee58162be5,michael73,Leah Mack,USNV Lloyd,null,90946,2/20/1985 8:16,hollylarsen@hotmail.com,null,785013,847434,937257,null,null,null
,,,FPO AE,,,,,,,,,,,
5ca4bbcea2dd94ee58162be6,umarshall,Kathryn Golden,6911 Michael Estate Suite 159,WA,25049,9/27/1981 9:33,sarahmoore@yahoo.com,null,602191,410867,508146,409978,646815,null
,,,Justinbury,,,,,,,,,,,
5ca4bbcea2dd94ee58162be7,stephenthompson,Vincent Rose,699 Bautista Crest,KY,31841,6/29/1978 6:15,stephenvargas@yahoo.com,null,95914,675420,657121,195007],null,null
,,,Candicehaven,,,,,,,,,,,
5ca4bbcea2dd94ee58162be8,josephswanson,Sean Allen,USNV Foster,null,42758,10/3/1994 8:13,floyddillon@gmail.com,null,406478,496316,989774,null,null,null
,,,FPO AP,,,,,,,,,,,
5ca4bbcea2dd94ee58162be9,shawn43,Jeffery Lopez,9820 Daniel Port Apt. 982,MA,33146,7/7/1992 15:43,pferrell@yahoo.com,null,142442,90019,270514,null,null,null
,,,Port Jacobmouth,,,,,,,,,,,
5ca4bbcea2dd94ee58162bea,anthony45,Tracy Winters,106 Ryan Park Apt. 412,OK,91293,4/4/1984 19:04,kelleyjeff@hotmail.com,null,350748,635410,916567,980184,716494,822672
,,,West Kimberly,,,,,,,,,,,
5ca4bbcea2dd94ee58162beb,joshua27,Holly Wilson,045 Green Plaza Suite 939,WY,21498,4/21/1977 10:20,uflores@hotmail.com,null,181984,175926,708479,690308],null,null
,,,Lake Sue,,,,,,,,,,,
5ca4bbcea2dd94ee58162bec,joshua25,Stanley Blanchard,303 Gilbert Corners,OR,10000,9/11/1972 12:48,villanuevashari@yahoo.com,null,770312,333075,396162,642554,938988,null
,,,North Megan,,,,,,,,,,,
5ca4bbcea2dd94ee58162bed,2-Mar,Mary Reeves,601 Luke Canyon Apt. 992,MO,97242,8/4/1979 5:39,carolryan@gmail.com,null,992584,475604,720906,328466,692070,null
,,,Port Robinstad,,,,,,,,,,,
5ca4bbcea2dd94ee58162bee,raymond47,Thomas Pratt MD,5058 Susan Road Suite 284,AK,33215,1/22/1994 3:53,dianawilliams@yahoo.com,null,444528,460514,141868,188293,885723,268769
,,,Millertown,,,,,,,,,,,
5ca4bbcea2dd94ee58162bef,patriciawade,Jessica Collins,89332 Amy Greens,MA,84407,7/18/1969 23:03,kelly11@gmail.com,null,445713,588012,351206,105098],null,null
,,,Contrerastown,,,,,,,,,,,
5ca4bbcea2dd94ee58162bf0,maxwellhannah,Alvin Larson,5530 Dawn Forks Apt. 022,TN,4269,11/30/1971 18:52,cindy86@yahoo.com,null,402535,833855,994562,951224,415759,null
,,,North Shannonburgh,,,,,,,,,,,
5ca4bbcea2dd94ee58162bf1,watsonbridget,Cory Parker,58473 Smith Lane,NV,94532,8/30/1994 14:54,judystevens@gmail.com,null,788021,560166,null,null,null,null
,,,Martinmouth,,,,,,,,,,,
5ca4bbcea2dd94ee58162bf2,mariebrady,Patrick King,Unit 9897 Box 7427,null,10773,11/24/1973 10:03,rebecca50@yahoo.com,null,700455,828552,876702,525396],null,null
,,,DPO AP,,,,,,,,,,,
5ca4bbcea2dd94ee58162bf3,uwhite,Wayne Horton,166 Evans Cliffs Suite 356,NJ,56600,1/31/1971 22:21,pam03@yahoo.com,null,846426,727837,743212,667791],null,null
,,,West Latoyastad,,,,,,,,,,,
5ca4bbcea2dd94ee58162bf4,skinnercraig,Ashley Lindsey,Unit 6691 Box 1189,null,53029,6/16/1994 0:38,robertwalker@gmail.com,null,375655,892096,401997,253554,890055,959435
,,,DPO AP,,,,,,,,,,,
5ca4bbcea2dd94ee58162bf5,chelsey19,Daniel Sawyer,Unit 2316 Box 2773,null,22975,10/3/1984 2:41,shelbylin@gmail.com,null,524171,426231,369761,823026,372043,null
,,,DPO AA,,,,,,,,,,,
5ca4bbcea2dd94ee58162bf6,kroberts,Tonya Jones,576 Matthews Parkway,MO,30135,12/19/1977 7:39,michellegreer@gmail.com,null,835955,717404,55473,466489,980639,null
,,,Jacobshaven,,,,,,,,,,,
5ca4bbcea2dd94ee58162bf7,kwelch,Angela Jenkins,0233 Ryan Terrace,NV,44226,8/8/1988 6:03,tcampos@gmail.com,null,826367,570818,177004,null,null,null
,,,Wileyport,,,,,,,,,,,
5ca4bbcea2dd94ee58162bf8,odonovan,Edward Owen,404 Acosta Alley,MN,94828,1/11/1971 11:59,stokessharon@yahoo.com,null,999198,614528,421981,545935,872805,null
,,,Hicksland,,,,,,,,,,,
5ca4bbcea2dd94ee58162bf9,amy56,Lisa Brown,8099 Kelly Mill,ND,15724,8/28/1991 14:58,nathan25@yahoo.com,null,777962,247853,627333,897284,403445,407008
,,,South Michelle,,,,,,,,,,,
5ca4bbcea2dd94ee58162bfa,brenda56,Austin Johnson,165 Brittany Green,MN,84627,6/12/1971 16:52,mcguirejennifer@yahoo.com,null,248380,244782,null,null,null,null
,,,North Eric,,,,,,,,,,,
5ca4bbcea2dd94ee58162bfb,amanda41,Michael Davila MD,732 Rhodes Hills,ME,70916,3/3/1980 9:40,jill11@gmail.com,null,374953,79999,852208,320075],null,null
,,,South Annafort,,,,,,,,,,,
5ca4bbcea2dd94ee58162bfc,fordjames,Amanda Rangel,78713 Clark Stream Suite 252,DC,558,3/22/1967 11:30,stevensaustin@hotmail.com,null,664533,700611,59275,null,null,null
,,,South David,,,,,,,,,,,
5ca4bbcea2dd94ee58162bfd,leeortiz,Brian Landry,454 Ricky Fields,IA,67385,9/24/1996 9:52,kennedydavid@hotmail.com,null,596444,467651,896243,230586],null,null
,,,Adamfort,,,,,,,,,,,
5ca4bbcea2dd94ee58162bfe,landerson,Tamara Cruz,829 Combs Wells,NY,45479,8/7/1980 19:10,ashleytran@gmail.com,null,150321,527745,992173,null,null,null
,,,Rangelfurt,,,,,,,,,,,
5ca4bbcea2dd94ee58162bff,williamrojas,Matthew Allen,46319 Elizabeth Overpass Suite 138,NE,21129,10/4/1987 5:14,higginscassandra@yahoo.com,null,637133,403531,null,null,null,null
,,,Haydenchester,,,,,,,,,,,
5ca4bbcea2dd94ee58162c00,david37,Brittany Holt,2503 Kenneth Drive,AR,42324,10/3/1979 14:17,ywashington@gmail.com,null,423152,157990,617243,null,null,null
,,,East Derek,,,,,,,,,,,
5ca4bbcea2dd94ee58162c01,bcherry,Ralph Solis,702 Alan Ranch,WI,41248,12/15/1991 8:40,esoto@yahoo.com,null,952666,544598,482653,606333],null,null
,,,Aguilarview,,,,,,,,,,,
5ca4bbcea2dd94ee58162c02,william51,Daniel Edwards,820 Moreno Walks Apt. 234,NM,70763,12/8/1967 7:30,udavis@yahoo.com,null,679340,146967,617621,596107,385747,null
,,,Dianefort,,,,,,,,,,,
5ca4bbcea2dd94ee58162c03,hmccarty,James Lewis,1615 Bruce Plaza,WA,33167,5/3/1996 18:21,xtaylor@yahoo.com,null,272399,979584,489178,458381,894281,null
,,,Washingtonburgh,,,,,,,,,,,
5ca4bbcea2dd94ee58162c04,elizabeth49,Chelsea Ramos,01376 Graham Fall,WY,70279,3/23/1992 16:48,grace98@hotmail.com,null,678737,96021,580546,null,null,null
,,,Brendaland,,,,,,,,,,,
5ca4bbcea2dd94ee58162c05,jennifer12,Jocelyn Mayo,8399 Kevin Lakes,OK,45775,7/24/1993 23:13,parkbrian@yahoo.com,null,826590,461657,339678,659814,371264,null
,,,South Robert,,,,,,,,,,,
5ca4bbcea2dd94ee58162c06,andreaking,Gina Perez,6602 Nicholas Court Apt. 003,MD,81336,9/15/1979 19:29,arnoldjavier@hotmail.com,null,881867,329183,481744,null,null,null
,,,Weberport,,,,,,,,,,,
5ca4bbcea2dd94ee58162c07,nicholas29,Robert Reynolds MD,42662 Nicholas Lane Apt. 050,WV,5961,8/6/1970 0:36,jkhan@hotmail.com,null,996752,null,null,null,null,null
,,,Port Joshuafurt,,,,,,,,,,,
5ca4bbcea2dd94ee58162c08,brownanne,Christopher Wilson,39217 Charles Key,SD,55716,2/9/1967 22:33,tlogan@gmail.com,null,289795,384574,null,null,null,null
,,,Burnsfort,,,,,,,,,,,
5ca4bbcea2dd94ee58162c09,erikadavis,Patrick Lawson,PSC 0222,Box 8795,52248,12/17/1967 5:13,vmcdaniel@yahoo.com,null,981753,388950,null,null,null,null
,,,,APO AA,,,,,,,,,,
5ca4bbcea2dd94ee58162c0a,wellsantonio,Sarah Wu PhD,USS Ramirez,null,13353,2/4/1992 9:12,fmason@gmail.com,null,335182,639500,895054,432388],null,null
,,,FPO AP,,,,,,,,,,,
5ca4bbcea2dd94ee58162c0b,rogersdenise,Andrew Maxwell,55141 Simon Path,AL,98768,11/7/1986 6:47,michael90@gmail.com,null,420660,null,null,null,null,null
,,,East John,,,,,,,,,,,
5ca4bbcea2dd94ee58162c0c,kevinsellers,Robert White,920 Ryan Island,AZ,56602,12/29/1983 6:21,sarahmorrison@gmail.com,null,680724,null,null,null,null,null
,,,New Craighaven,,,,,,,,,,,
5ca4bbcea2dd94ee58162c0d,hrogers,John Williams,USCGC Parker,null,20182,1/16/1987 13:44,joseph11@yahoo.com,null,632807,470615,630132,215284,129932,879426
,,,FPO AE,,,,,,,,,,,
5ca4bbcea2dd94ee58162c0e,paultorres,Michael Copeland,3029 Rodriguez Mission Suite 561,SD,95299,3/8/1968 15:22,ingramjennifer@gmail.com,null,171129,624886,784651,51253,255004,657880
,,,Lake Lisamouth,,,,,,,,,,,
5ca4bbcea2dd94ee58162c0f,johnkrause,Jennifer Keller MD,86019 Moore Manor,OK,96277,9/14/1995 18:10,riverathomas@hotmail.com,null,514152,552357,336601,980550,212417,135875
,,,Troyberg,,,,,,,,,,,
5ca4bbcea2dd94ee58162c10,ogreen,Jose Lucas,95550 Makayla Lodge Apt. 078,IN,35955,3/31/1974 6:45,zyoung@gmail.com,null,87286,886274,569434,null,null,null
,,,Masseymouth,,,,,,,,,,,
5ca4bbcea2dd94ee58162c11,gfriedman,Anthony Mendoza,54282 Wright Common,ME,76369,3/26/1983 10:35,eric79@hotmail.com,null,706316,311880,null,null,null,null
,,,Ashleyfort,,,,,,,,,,,
5ca4bbcea2dd94ee58162c12,floressandra,Katherine Kennedy,3141 Jason Burg Apt. 823,RI,73018,11/17/1982 1:54,vanessabarnes@hotmail.com,null,813925,578645,140557,415745,724673,null
,,,Robinsonburgh,,,,,,,,,,,
5ca4bbcea2dd94ee58162c13,sarahbrooks,Jason Gilmore,65607 Brittany Shores,IL,44023,10/8/1989 19:46,smithmichael@yahoo.com,null,721093,333677,648052,917660],null,null
,,,North Stephanie,,,,,,,,,,,
5ca4bbcea2dd94ee58162c14,isabel77,Kirk Armstrong,196 Rodriguez Mountains,MN,14157,1/2/1987 11:33,susan49@hotmail.com,null,994208,223693,560102,null,null,null
,,,Tapiastad,,,,,,,,,,,
5ca4bbcea2dd94ee58162c15,kathyjones,Heather Wilkins,789 Angela Mission Apt. 351,MA,25115,3/2/1989 1:42,paulfrazier@yahoo.com,null,134905,734321,731178,981821,229899,null
,,,Port Joseph,,,,,,,,,,,
5ca4bbcea2dd94ee58162c16,jacobmiller,Taylor Newman,055 Arnold Inlet Suite 183,NV,70386,2/7/1989 21:55,ojohnson@gmail.com,null,199407,130870,null,null,null,null
,,,Carrollland,,,,,,,,,,,
5ca4bbcea2dd94ee58162c17,thompsonkevin,Elizabeth Vargas,910 Anthony Lake,IN,69097,10/21/1979 23:54,samuel58@yahoo.com,null,70492,327916,109710,null,null,null
,,,South Hunter,,,,,,,,,,,
5ca4bbcea2dd94ee58162c18,david77,Aaron Perez,55375 Malone Trail Suite 506,MS,55765,8/6/1982 19:49,alexaortega@hotmail.com,null,744220,126092,187107,437371,413293,null
,,,South Miguelland,,,,,,,,,,,
5ca4bbcea2dd94ee58162c19,joseph83,Mandy Orr,47951 William Ranch,MI,24215,4/1/1969 21:00,ramirezlinda@yahoo.com,null,996624,242287,null,null,null,null
,,,Foxbury,,,,,,,,,,,
5ca4bbcea2dd94ee58162c1a,toneal,Stacy Thompson,50661 Linda Brooks Suite 431,NV,91378,3/2/1973 9:34,waltonkatherine@gmail.com,null,704067,481754,131371,291224],null,null
,,,New Allenside,,,,,,,,,,,
5ca4bbcea2dd94ee58162c1b,candace06,Karen Jones,41013 Bell Forges,OR,77912,1/19/1996 3:26,katherinerodgers@hotmail.com,null,920666,null,null,null,null,null
,,,Port Josephchester,,,,,,,,,,,
5ca4bbcea2dd94ee58162c1c,james47,Brian Griffin,134 Torres Flats,OK,49062,11/8/1986 17:37,cwilliams@hotmail.com,null,309490,77690,71674,963591,531370,335665
,,,Johnsonstad,,,,,,,,,,,
5ca4bbcea2dd94ee58162c1d,rachel83,Megan Lewis,Unit 2722 Box 8378,null,43851,9/20/1970 19:26,christophergreen@gmail.com,null,774172,null,null,null,null,null
,,,DPO AA,,,,,,,,,,,
5ca4bbcea2dd94ee58162c1e,qlopez,Tyler Bell,91134 Hughes Skyway Suite 398,CT,95576,5/29/1986 16:25,kleblanc@yahoo.com,null,199711,null,null,null,null,null
,,,Catherineborough,,,,,,,,,,,
5ca4bbcea2dd94ee58162c1f,martinrichard,Stacy Vasquez,93531 Garcia Circles,NV,21768,12/5/1983 10:17,rachel53@hotmail.com,null,584619,null,null,null,null,null
,,,Port Brandonmouth,,,,,,,,,,,
5ca4bbcea2dd94ee58162c20,carla86,Tina Davis,06321 Thompson Field,IL,44627,5/7/1987 10:47,simsapril@gmail.com,null,288877,147641,565989,740050,748530,null
,,,South Bryan,,,,,,,,,,,
5ca4bbcea2dd94ee58162c21,ksweeney,Desiree Best,583 John Radial Apt. 581,KS,40858,7/18/1995 0:21,alishaward@hotmail.com,null,667014,840171,646800,964645],null,null
,,,East Jenniferbury,,,,,,,,,,,
5ca4bbcea2dd94ee58162c22,icook,Joseph Medina,75172 Erika Shoal,MO,33957,8/24/1993 4:52,marshemily@gmail.com,null,461954,864809,706522,372442,287485,429604
,,,Port Zacharyshire,,,,,,,,,,,
5ca4bbcea2dd94ee58162c23,amanda70,Christopher Watson,98287 Ryan Unions Suite 404,MD,88317,7/29/1966 10:22,srobinson@yahoo.com,null,765127,460206,344075,313926,322023,null
,,,Port Robertside,,,,,,,,,,,
5ca4bbcea2dd94ee58162c24,williamstone,George Davis,389 Newton Corners Suite 668,WI,58434,6/1/1974 4:40,jennifer12@gmail.com,null,703331,null,null,null,null,null
,,,West Edward,,,,,,,,,,,
5ca4bbcea2dd94ee58162c25,jperez,Samuel Perry,820 Ashlee Grove,OH,75337,6/8/1969 18:02,sestrada@gmail.com,null,598715,873264,228298,549289,764007,960568
,,,Herringbury,,,,,,,,,,,
5ca4bbcea2dd94ee58162c26,ebonyoconnor,Rachel Blevins,041 Frost Unions Apt. 201,IN,99456,8/31/1980 13:07,thomasjames@yahoo.com,null,581892,428110,891056,466310],null,null
,,,Port Lindsey,,,,,,,,,,,
5ca4bbcea2dd94ee58162c27,sharon50,Dennis Brown,USS Petersen,null,41929,2/16/1997 11:03,dawn26@hotmail.com,null,111213,722342,162819,662854,118623,95826
,,,FPO AA,,,,,,,,,,,
5ca4bbcea2dd94ee58162c28,ronaldbarton,Robert Vaughn,0323 Gaines Throughway,NJ,11202,12/10/1987 22:11,cpatterson@hotmail.com,null,896644,null,null,null,null,null
,,,South Johnnyfort,,,,,,,,,,,
5ca4bbcea2dd94ee58162c29,rmason,Stephen Cohen,93004 Cynthia Key,PA,28105,11/1/1972 13:54,krystalhardin@gmail.com,null,356904,134434,499796,698826,763879,442170
,,,Morrishaven,,,,,,,,,,,
5ca4bbcea2dd94ee58162c2a,mistyjohnson,Kevin Miller,60460 Rogers Roads Apt. 656,ID,92870,12/17/1990 8:40,langlevi@gmail.com,null,235824,349536,326212,350483,527223,null
,,,Christopherside,,,,,,,,,,,
5ca4bbcea2dd94ee58162c2b,hallyvonne,Sabrina Walker MD,67137 Gabrielle Point Apt. 232,CA,53309,9/14/1975 12:23,donna04@yahoo.com,null,681381,524194,347967,389592],null,null
,,,Burkemouth,,,,,,,,,,,
5ca4bbcea2dd94ee58162c2c,christopherallen,Ronald Curry,59101 Saunders Mountain,ID,50827,3/22/1988 13:34,millerbrandy@yahoo.com,null,448816,638191,null,null,null,null
,,,Travismouth,,,,,,,,,,,
5ca4bbcea2dd94ee58162c2d,billy76,Samuel Mcintosh,USS Rice,null,26057,6/23/1992 23:36,masonkaren@yahoo.com,null,669029,847533,727330,729752,882334,369055
,,,FPO AP,,,,,,,,,,,
5ca4bbcea2dd94ee58162c2e,krystalanderson,Margaret Evans,14760 Potter View Suite 795,WY,99015,1/21/1992 21:51,bentonkaren@yahoo.com,null,957207,726384,386971,null,null,null
,,,Williamhaven,,,,,,,,,,,
5ca4bbcea2dd94ee58162c2f,linda08,Christopher Smith,900 Brett Terrace,WV,45028,1/25/1990 10:10,benjaminmoore@yahoo.com,null,190959,520970,461793,141474,805151,null
,,,West Deborah,,,,,,,,,,,
5ca4bbcea2dd94ee58162c30,simpsonjared,Alex Chandler,8421 Samuel Creek Suite 357,AR,45158,1/8/1971 17:28,james04@gmail.com,null,385361,506711,719203,882090,569420,546211
,,,Davisstad,,,,,,,,,,,
5ca4bbcea2dd94ee58162c31,riversmckenzie,Anna Johnson,3110 Solomon Pike Suite 462,IA,24283,11/11/1974 3:58,jdavis@hotmail.com,null,912589,788012,185549,497088,602958,537158
,,,Lake Stacie,,,,,,,,,,,
5ca4bbcea2dd94ee58162c32,nicholasbarber,Katherine Andrews,33313 Matthew Knoll Suite 452,NJ,46540,5/1/1976 19:32,rickyrodriguez@gmail.com,null,530132,744022,743205,null,null,null
,,,East Cristian,,,,,,,,,,,
5ca4bbcea2dd94ee58162c33,amartin,John Robinson,PSC 0414,Box 3988,90779,1/16/1991 9:53,kimberly78@gmail.com,null,766886,82467,null,null,null,null
,,,,APO AP,,,,,,,,,,
5ca4bbcea2dd94ee58162c34,carrollanita,Andrew Reilly,7335 Mcmillan Port Suite 707,NE,13112,7/11/1989 7:00,johnharris@hotmail.com,null,942656,null,null,null,null,null
,,,West Kristine,,,,,,,,,,,
5ca4bbcea2dd94ee58162c35,leeryan,Jennifer Mccormick,434 David Skyway,OK,84356,1/10/1981 14:24,jessica27@hotmail.com,null,182387,618428,null,null,null,null
,,,Juanside,,,,,,,,,,,
5ca4bbcea2dd94ee58162c36,michael22,Misty Coleman,7587 Turner Court Apt. 598,HI,24537,10/30/1974 1:56,gainesstacy@yahoo.com,null,611752,678293,null,null,null,null
,,,East Kenneth,,,,,,,,,,,
5ca4bbcea2dd94ee58162c37,robertperez,Danielle Jenkins,647 Deanna Mountains Apt. 121,NH,78475,5/24/1988 22:38,jaredburton@gmail.com,null,902507,747054,570451,698900],null,null
,,,Lake Monica,,,,,,,,,,,
5ca4bbcea2dd94ee58162c38,guerrerothomas,Hannah Bender,Unit 7417 Box 6870,null,57400,12/20/1981 8:39,charlesschneider@hotmail.com,null,648021,975329,null,null,null,null
,,,DPO AE,,,,,,,,,,,
5ca4bbcea2dd94ee58162c39,ramirezbrian,Kenneth Lara,53993 Richardson Centers Apt. 327,ME,72224,9/1/1993 18:47,marccarrillo@hotmail.com,null,323373,null,null,null,null,null
,,,Alyssamouth,,,,,,,,,,,
5ca4bbcea2dd94ee58162c3a,christinadavies,Ronald Ballard,11323 Jessica Fall,AL,8240,2/16/1981 13:40,brianjones@gmail.com,null,214649,557547,639934,659017],null,null
,,,North Christinashire,,,,,,,,,,,
5ca4bbcea2dd94ee58162c3b,morrisnicole,Robin Hill,USNV Cohen,null,84402,3/25/1997 2:57,manningjohn@gmail.com,null,226253,165597,412983,365969,486766,null
,,,FPO AE,,,,,,,,,,,
5ca4bbcea2dd94ee58162c3c,melissaho,Ashley Jackson,01132 Gordon Bypass Apt. 638,ID,72393,7/15/1971 8:57,tmccoy@hotmail.com,null,405559,564812,447601,682382,446474,null
,,,Heatherfort,,,,,,,,,,,
5ca4bbcea2dd94ee58162c3d,nathaniel41,Elizabeth Barajas,47979 Dalton Knolls,IN,89638,7/18/1972 10:23,williamskevin@hotmail.com,null,239538,218214,442616,null,null,null
,,,Mayshaven,,,,,,,,,,,
5ca4bbcea2dd94ee58162c3e,mckenzie36,Matthew Zuniga,793 Jeffrey Rest,AK,36907,7/5/1986 9:23,frederick65@yahoo.com,null,187397,459249,840433,301176],null,null
,,,Davidburgh,,,,,,,,,,,
5ca4bbcea2dd94ee58162c3f,christophersnyder,Destiny Miller,9808 Miller Mountain Suite 716,MD,93803,7/26/1994 13:23,aliciagilbert@yahoo.com,null,341830,412203,240787,493235,485840,167440
,,,Danielberg,,,,,,,,,,,
5ca4bbcea2dd94ee58162c40,audreyortiz,Kim Garcia,010 Lauren Rapid,IN,93273,12/22/1988 15:08,alyssahahn@yahoo.com,null,448268,null,null,null,null,null
,,,Lake Erin,,,,,,,,,,,
5ca4bbcea2dd94ee58162c41,jameshawkins,Ruben Moran,86823 Sherri Lock Suite 004,VT,33147,4/25/1993 10:48,katiebrewer@hotmail.com,null,218657,285707,933986,112468,206656,951661
,,,Nicoleside,,,,,,,,,,,
5ca4bbcea2dd94ee58162c42,janetharris,Brian Brewer,418 Colin Way,CT,63991,3/6/1984 8:45,josephdowns@yahoo.com,null,651827,null,null,null,null,null
,,,Wrightview,,,,,,,,,,,
5ca4bbcea2dd94ee58162c43,jeremyclark,Michael Rodriguez,340 Williams Club,NH,89219,7/1/1979 21:41,brittanyhorton@hotmail.com,null,60664,null,null,null,null,null
,,,North Matthewmouth,,,,,,,,,,,
5ca4bbcea2dd94ee58162c44,michael26,Jessica Gay,332 Kaufman Mountains,PA,16016,8/6/1966 9:40,maldonadojaime@yahoo.com,null,265053,86494,619619,428949,275187,null
,,,Jeremyview,,,,,,,,,,,
5ca4bbcea2dd94ee58162c45,jennifer33,Rebecca Smith,363 Randall Path Suite 435,ME,62392,11/13/1991 22:45,kimberlyhunter@yahoo.com,null,212219,954953,558864,459245],null,null
,,,South Alexanderfurt,,,,,,,,,,,
5ca4bbcea2dd94ee58162c46,miranda64,Lisa Clark,07818 Weeks Harbor,OK,72383,8/7/1990 10:09,grosskaren@gmail.com,null,146621,null,null,null,null,null
,,,North Trevorberg,,,,,,,,,,,
5ca4bbcea2dd94ee58162c47,keithbuck,Kimberly Lawrence,31649 Howell Hill,NY,18176,12/8/1969 18:59,murraywayne@gmail.com,null,857689,616016,979226,257801],null,null
,,,North Christopher,,,,,,,,,,,
5ca4bbcea2dd94ee58162c48,greenmelanie,Joshua Williams,Unit 6711 Box 5373,null,24106,6/26/1996 23:51,jonathonturner@gmail.com,null,205355,202946,362683,111626,486521,null
,,,DPO AP,,,,,,,,,,,
5ca4bbcea2dd94ee58162c49,cynthiaunderwood,Christopher Alvarado,521 Andre Court Apt. 157,CO,28051,4/2/1990 23:10,emily39@yahoo.com,null,633806,249810,857050,737623],null,null
,,,Travisland,,,,,,,,,,,
5ca4bbcea2dd94ee58162c4a,gonzalesgabriel,Michael Harris,74982 Jasmine Trace,AZ,36102,12/16/1980 22:07,aarongreer@hotmail.com,null,569388,816560,328686,null,null,null
,,,Youngfort,,,,,,,,,,,
5ca4bbcea2dd94ee58162c4b,nathan71,Reginald Wright,809 Robert Plain Suite 161,ID,39144,7/26/1978 10:48,steven78@gmail.com,null,373169,null,null,null,null,null
,,,South Bradley,,,,,,,,,,,
5ca4bbcea2dd94ee58162c4c,diazsharon,Cheryl Burns,833 Wilson Street Apt. 954,IN,22293,12/25/1978 2:12,kathyphillips@yahoo.com,null,833412,752970,935353,null,null,null
,,,Port Michaelport,,,,,,,,,,,
5ca4bbcea2dd94ee58162c4d,dominique55,Sheila Parks,2433 Amy Shoals,CO,32888,11/4/1975 20:34,tjohnson@yahoo.com,null,172950,576395,844838,453480,240685,null
,,,Gardnermouth,,,,,,,,,,,
5ca4bbcea2dd94ee58162c4e,meganbrewer,Raymond Patton,0240 Ernest Underpass,PA,50130,6/14/1968 15:10,jeremy10@hotmail.com,null,893678,232492,380860,893845,643169,null
,,,Port Jackiechester,,,,,,,,,,,
5ca4bbcea2dd94ee58162c4f,sarathompson,Amy Robinson,PSC 6600,Box 4473,85515,10/14/1975 9:46,colinward@hotmail.com,null,935768,131201,317852,683382],null,null
,,,,APO AE,,,,,,,,,,
5ca4bbcea2dd94ee58162c50,justinjohnson,Amber Williamson,Unit 3978 Box 6154,null,51111,5/28/1969 14:09,thomasjames@gmail.com,null,814989,509009,913254,352837],null,null
,,,DPO AE,,,,,,,,,,,
5ca4bbcea2dd94ee58162c51,jacksoncolleen,Susan Davis,335 Lewis Land,RI,57620,4/25/1994 7:59,mmurray@hotmail.com,null,657218,517824,880595,278669,380304,688134
,,,Lake Johnburgh,,,,,,,,,,,
5ca4bbcea2dd94ee58162c52,mmiller,Jonathan Hines,4539 Powers Orchard,OH,7657,9/10/1990 21:01,edwardspeter@yahoo.com,null,790197,79985,730522,null,null,null
,,,Fosterborough,,,,,,,,,,,
5ca4bbcea2dd94ee58162c53,ashley11,Caitlin Walls,885 Zamora Hills,WV,89892,11/14/1986 6:18,cwilcox@yahoo.com,null,826984,null,null,null,null,null
,,,North Julieburgh,,,,,,,,,,,
5ca4bbcea2dd94ee58162c54,velazquezangela,Daniel Fletcher,00679 Lucero Mountains,ME,66604,10/13/1987 4:41,thomasreyes@yahoo.com,null,423510,960734,null,null,null,null
,,,East Heatherhaven,,,,,,,,,,,
5ca4bbcea2dd94ee58162c55,eugene04,Hannah Rose,7521 Christopher Way,NV,99746,10/10/1973 15:57,williamsheidi@yahoo.com,null,132536,617210,null,null,null,null
,,,North Anitamouth,,,,,,,,,,,
5ca4bbcea2dd94ee58162c56,emily28,Kyle Simon,62134 Chen Valleys,WV,89532,10/8/1990 17:29,fmatthews@gmail.com,null,429071,874342,null,null,null,null
,,,North Deniseshire,,,,,,,,,,,
5ca4bbcea2dd94ee58162c57,kristen26,Sean Brooks,153 Tara Ridges Suite 028,MA,16004,3/2/1974 23:52,jessica87@gmail.com,null,222581,996840,null,null,null,null
,,,Port Anthonytown,,,,,,,,,,,
5ca4bbcea2dd94ee58162c58,steven67,Dawn Woods,1573 Jessica Glen,CA,15700,7/22/1984 18:09,esharp@hotmail.com,null,867364,69218,492843,129968,541871,null
,,,South Christian,,,,,,,,,,,
5ca4bbcea2dd94ee58162c59,davidsonomar,Linda Stephens,399 Fuentes Roads,CO,64522,9/30/1986 10:12,cynthia31@hotmail.com,null,669413,null,null,null,null,null
,,,Joshuaborough,,,,,,,,,,,
5ca4bbcea2dd94ee58162c5a,amandawilliams,Brandy Huang,9505 Melissa Streets,NJ,91189,9/22/1975 7:21,scottjonathan@yahoo.com,null,650729,991663,144876,912504,88163,null
,,,South Frankville,,,,,,,,,,,
5ca4bbcea2dd94ee58162c5b,stricklandjeffery,Xavier Myers,499 Jonathan Streets Apt. 890,MD,76825,10/24/1987 12:05,fredsmith@yahoo.com,null,285957,875868,138703,122908,370468,null
,,,East Ashley,,,,,,,,,,,
5ca4bbcea2dd94ee58162c5c,smcintyre,Christopher Lawrence,00881 West Flat,IL,32130,3/5/1997 11:20,vkeith@yahoo.com,null,551774,264502,599670,193228,397774,null
,,,North Emily,,,,,,,,,,,
5ca4bbcea2dd94ee58162c5d,qknight,Gabriel Romero,79375 David Neck,NJ,92863,5/4/1971 14:20,erica98@gmail.com,null,568852,351063,635650,229182,732327,89698
,,,West Matthewton,,,,,,,,,,,
5ca4bbcea2dd94ee58162c5e,ecasey,Brandon Contreras,6942 Connie Skyway,WA,16551,10/23/1973 16:52,amber97@hotmail.com,null,896364,450464,null,null,null,null
,,,Patrickville,,,,,,,,,,,
