_id,account_id,limit,products.1,products.2,products.3,products.4,products.5
5ca4bbc7a2dd94ee5816238c,371138,9000,Derivatives,InvestmentStock,null,null,null
5ca4bbc7a2dd94ee5816238d,557378,10000,InvestmentStock,Commodity,Brokerage,CurrencyService,null
5ca4bbc7a2dd94ee5816238e,198100,10000,Derivatives,CurrencyService,InvestmentStock,null,null
5ca4bbc7a2dd94ee5816238f,674364,10000,InvestmentStock,null,null,null,null
5ca4bbc7a2dd94ee58162390,278603,10000,Commodity,InvestmentStock,null,null,null
5ca4bbc7a2dd94ee58162391,383777,10000,CurrencyService,Derivatives,InvestmentFund,Commodity,InvestmentStock
5ca4bbc7a2dd94ee58162392,794875,9000,InvestmentFund,InvestmentStock,null,null,null
5ca4bbc7a2dd94ee58162393,328304,10000,Derivatives,InvestmentStock,CurrencyService,null,null
5ca4bbc7a2dd94ee58162394,487188,10000,Brokerage,CurrencyService,InvestmentStock,null,null
5ca4bbc7a2dd94ee58162395,910579,10000,Brokerage,InvestmentStock,null,null,null
5ca4bbc7a2dd94ee58162396,260499,10000,InvestmentFund,Derivatives,InvestmentStock,null,null
5ca4bbc7a2dd94ee58162397,668949,10000,Brokerage,CurrencyService,InvestmentStock,Derivatives,null
5ca4bbc7a2dd94ee58162398,976027,10000,Brokerage,InvestmentStock,null,null,null
5ca4bbc7a2dd94ee58162399,135185,10000,CurrencyService,Brokerage,InvestmentStock,Commodity,null
5ca4bbc7a2dd94ee5816239a,370583,10000,Brokerage,Commodity,InvestmentStock,null,null
5ca4bbc7a2dd94ee5816239b,870466,10000,Derivatives,Brokerage,Commodity,InvestmentStock,null
5ca4bbc7a2dd94ee5816239c,692278,10000,Commodity,InvestmentStock,null,null,null
5ca4bbc7a2dd94ee5816239d,864905,10000,Commodity,InvestmentStock,null,null,null
5ca4bbc7a2dd94ee5816239e,299072,10000,InvestmentFund,InvestmentStock,null,null,null
5ca4bbc7a2dd94ee5816239f,137994,10000,CurrencyService,InvestmentStock,null,null,null
5ca4bbc7a2dd94ee581623a0,572981,10000,InvestmentStock,CurrencyService,null,null,null
5ca4bbc7a2dd94ee581623a1,977982,10000,InvestmentFund,Derivatives,InvestmentStock,CurrencyService,null
5ca4bbc7a2dd94ee581623a2,616040,10000,InvestmentStock,null,null,null,null
5ca4bbc7a2dd94ee581623a3,775273,10000,Brokerage,Commodity,InvestmentStock,null,null
5ca4bbc7a2dd94ee581623a4,212024,10000,InvestmentFund,Brokerage,InvestmentStock,null,null
5ca4bbc7a2dd94ee581623a5,433811,10000,CurrencyService,InvestmentFund,Brokerage,InvestmentStock,null
5ca4bbc7a2dd94ee581623a6,353465,10000,CurrencyService,InvestmentStock,null,null,null
5ca4bbc7a2dd94ee581623a7,464470,10000,Brokerage,InvestmentStock,null,null,null
5ca4bbc7a2dd94ee581623a9,324287,10000,Commodity,CurrencyService,Derivatives,InvestmentStock,null
5ca4bbc7a2dd94ee581623aa,403363,10000,CurrencyService,InvestmentFund,InvestmentStock,Derivatives,null
5ca4bbc7a2dd94ee581623ac,276528,10000,InvestmentFund,InvestmentStock,null,null,null
5ca4bbc7a2dd94ee581623ad,383701,10000,InvestmentFund,InvestmentStock,null,null,null
5ca4bbc7a2dd94ee581623ae,423171,10000,Brokerage,CurrencyService,Derivatives,InvestmentStock,null
5ca4bbc7a2dd94ee581623af,491860,10000,CurrencyService,Commodity,InvestmentStock,null,null
5ca4bbc7a2dd94ee581623b0,463155,10000,Brokerage,InvestmentFund,InvestmentStock,null,null
5ca4bbc7a2dd94ee581623b1,729049,10000,InvestmentStock,null,null,null,null
5ca4bbc7a2dd94ee581623b2,209363,10000,Brokerage,InvestmentStock,Commodity,Derivatives,null
5ca4bbc7a2dd94ee581623b3,895735,10000,InvestmentFund,CurrencyService,Derivatives,InvestmentStock,null
5ca4bbc7a2dd94ee581623b4,996263,10000,Derivatives,Brokerage,InvestmentStock,null,null
5ca4bbc7a2dd94ee581623b5,984021,10000,InvestmentFund,Derivatives,InvestmentStock,null,null
5ca4bbc7a2dd94ee581623b6,503933,10000,InvestmentFund,InvestmentStock,Derivatives,Commodity,null
5ca4bbc7a2dd94ee581623b7,599752,10000,Brokerage,Commodity,Derivatives,CurrencyService,InvestmentStock
5ca4bbc7a2dd94ee581623b8,475387,10000,InvestmentFund,Derivatives,InvestmentStock,null,null
5ca4bbc7a2dd94ee581623b9,775690,10000,InvestmentFund,InvestmentStock,null,null,null
5ca4bbc7a2dd94ee581623ba,813016,10000,InvestmentStock,CurrencyService,Brokerage,null,null
5ca4bbc7a2dd94ee581623bb,136137,10000,Commodity,InvestmentStock,InvestmentFund,Derivatives,null
5ca4bbc7a2dd94ee581623bc,831097,10000,Commodity,InvestmentStock,null,null,null
5ca4bbc7a2dd94ee581623bd,918103,10000,CurrencyService,Brokerage,Commodity,InvestmentStock,null
5ca4bbc7a2dd94ee581623be,658755,10000,CurrencyService,Commodity,InvestmentStock,null,null
5ca4bbc7a2dd94ee581623bf,304914,10000,Brokerage,InvestmentStock,null,null,null
5ca4bbc7a2dd94ee581623c0,522933,10000,InvestmentFund,Brokerage,Derivatives,InvestmentStock,null
5ca4bbc7a2dd94ee581623c1,788678,10000,Commodity,InvestmentStock,null,null,null
5ca4bbc7a2dd94ee581623c2,827328,10000,Derivatives,InvestmentStock,null,null,null
5ca4bbc7a2dd94ee581623c3,358213,10000,InvestmentStock,null,null,null,null
5ca4bbc7a2dd94ee581623c4,595194,10000,Commodity,Derivatives,InvestmentStock,null,null
5ca4bbc7a2dd94ee581623c5,781775,10000,Brokerage,InvestmentStock,null,null,null
5ca4bbc7a2dd94ee581623c6,375872,10000,InvestmentStock,null,null,null,null
5ca4bbc7a2dd94ee581623c7,785786,10000,Derivatives,InvestmentStock,InvestmentFund,CurrencyService,null
5ca4bbc7a2dd94ee581623c8,462501,10000,InvestmentFund,Commodity,InvestmentStock,null,null
5ca4bbc7a2dd94ee581623c9,228290,10000,CurrencyService,InvestmentStock,InvestmentFund,Brokerage,null
5ca4bbc7a2dd94ee581623ca,968786,10000,InvestmentStock,Brokerage,Derivatives,Commodity,null
5ca4bbc7a2dd94ee581623cb,515844,10000,Commodity,CurrencyService,InvestmentFund,Brokerage,InvestmentStock
5ca4bbc7a2dd94ee581623cc,719065,10000,InvestmentStock,null,null,null,null
5ca4bbc7a2dd94ee581623cd,627629,10000,Brokerage,Derivatives,InvestmentFund,Commodity,InvestmentStock
5ca4bbc7a2dd94ee581623ce,55958,10000,InvestmentFund,InvestmentStock,CurrencyService,Commodity,null
5ca4bbc7a2dd94ee581623cf,771641,10000,Commodity,InvestmentStock,Brokerage,CurrencyService,null
5ca4bbc7a2dd94ee581623d0,604732,10000,Brokerage,InvestmentStock,null,null,null
5ca4bbc7a2dd94ee581623d1,914559,10000,InvestmentFund,InvestmentStock,null,null,null
5ca4bbc7a2dd94ee581623d2,721914,10000,Commodity,InvestmentStock,Derivatives,null,null
5ca4bbc7a2dd94ee581623d3,817222,10000,Brokerage,InvestmentStock,null,null,null
5ca4bbc7a2dd94ee581623d4,973067,10000,Brokerage,Derivatives,InvestmentStock,null,null
5ca4bbc7a2dd94ee581623d5,260799,10000,Brokerage,InvestmentStock,Commodity,CurrencyService,null
5ca4bbc7a2dd94ee581623d6,87389,10000,CurrencyService,InvestmentStock,null,null,null
5ca4bbc7a2dd94ee581623d7,236908,10000,Commodity,CurrencyService,InvestmentStock,InvestmentFund,null
5ca4bbc7a2dd94ee581623d8,696619,10000,Brokerage,InvestmentStock,InvestmentFund,null,null
5ca4bbc7a2dd94ee581623d9,714727,10000,InvestmentFund,InvestmentStock,null,null,null
5ca4bbc7a2dd94ee581623da,969957,10000,Derivatives,Brokerage,Commodity,InvestmentStock,null
5ca4bbc7a2dd94ee581623db,702610,10000,Commodity,CurrencyService,InvestmentStock,null,null
5ca4bbc7a2dd94ee581623dc,240640,10000,Brokerage,Derivatives,InvestmentFund,InvestmentStock,null
5ca4bbc7a2dd94ee581623dd,330318,10000,Derivatives,CurrencyService,InvestmentFund,InvestmentStock,null
5ca4bbc7a2dd94ee581623de,571279,10000,Commodity,Derivatives,Brokerage,CurrencyService,InvestmentStock
5ca4bbc7a2dd94ee581623df,226398,10000,CurrencyService,Commodity,InvestmentStock,Brokerage,null
5ca4bbc7a2dd94ee581623e0,161714,9000,Commodity,CurrencyService,Derivatives,InvestmentFund,InvestmentStock
5ca4bbc7a2dd94ee581623e1,903542,10000,Commodity,InvestmentStock,Brokerage,Derivatives,null
5ca4bbc7a2dd94ee581623e2,472963,10000,InvestmentFund,Derivatives,CurrencyService,Brokerage,InvestmentStock
5ca4bbc7a2dd94ee581623e3,863889,10000,InvestmentFund,CurrencyService,Derivatives,InvestmentStock,null
5ca4bbc7a2dd94ee581623e4,344885,10000,Commodity,InvestmentFund,CurrencyService,InvestmentStock,null
5ca4bbc7a2dd94ee581623e5,839927,10000,InvestmentFund,CurrencyService,Brokerage,Commodity,InvestmentStock
5ca4bbc7a2dd94ee581623e6,853542,10000,CurrencyService,InvestmentStock,null,null,null
5ca4bbc7a2dd94ee581623e7,945232,10000,InvestmentStock,CurrencyService,null,null,null
5ca4bbc7a2dd94ee581623e8,278497,10000,CurrencyService,InvestmentFund,InvestmentStock,null,null
5ca4bbc7a2dd94ee581623e9,878471,10000,CurrencyService,Brokerage,InvestmentFund,InvestmentStock,null
5ca4bbc7a2dd94ee581623ea,720842,10000,CurrencyService,InvestmentStock,null,null,null
5ca4bbc7a2dd94ee581623eb,394725,10000,Commodity,InvestmentFund,Brokerage,InvestmentStock,null
5ca4bbc7a2dd94ee581623ec,714030,10000,InvestmentFund,Commodity,InvestmentStock,null,null
5ca4bbc7a2dd94ee581623ed,443252,10000,Commodity,CurrencyService,InvestmentStock,null,null
5ca4bbc7a2dd94ee581623ee,622916,9000,Derivatives,InvestmentStock,null,null,null
5ca4bbc7a2dd94ee581623ef,53124,10000,Commodity,InvestmentStock,null,null,null
5ca4bbc7a2dd94ee581623f0,657243,10000,Derivatives,InvestmentStock,null,null,null
5ca4bbc7a2dd94ee581623f1,475102,10000,CurrencyService,InvestmentFund,Derivatives,Commodity,InvestmentStock
5ca4bbc7a2dd94ee581623f2,168924,10000,InvestmentFund,CurrencyService,InvestmentStock,null,null
5ca4bbc7a2dd94ee581623f3,858473,10000,Brokerage,InvestmentFund,InvestmentStock,null,null
5ca4bbc7a2dd94ee581623f4,827843,10000,Brokerage,InvestmentStock,null,null,null
5ca4bbc7a2dd94ee581623f5,644552,10000,Commodity,InvestmentFund,CurrencyService,InvestmentStock,null
5ca4bbc7a2dd94ee581623f6,682405,10000,Commodity,InvestmentStock,null,null,null
5ca4bbc7a2dd94ee581623f7,299100,10000,InvestmentStock,CurrencyService,null,null,null
5ca4bbc7a2dd94ee581623f8,166084,10000,InvestmentFund,CurrencyService,InvestmentStock,null,null
5ca4bbc7a2dd94ee581623f9,664679,10000,CurrencyService,Derivatives,InvestmentStock,null,null
5ca4bbc7a2dd94ee581623fa,452778,10000,InvestmentFund,Derivatives,CurrencyService,Commodity,InvestmentStock
5ca4bbc7a2dd94ee581623fb,126444,10000,Brokerage,CurrencyService,InvestmentStock,InvestmentFund,null
5ca4bbc7a2dd94ee581623fc,702924,10000,Derivatives,Commodity,InvestmentStock,null,null
5ca4bbc7a2dd94ee581623fd,165706,10000,InvestmentFund,InvestmentStock,null,null,null
5ca4bbc7a2dd94ee581623fe,328627,10000,Commodity,InvestmentFund,Derivatives,InvestmentStock,null
5ca4bbc7a2dd94ee58162400,332179,10000,Commodity,CurrencyService,InvestmentFund,Brokerage,InvestmentStock
5ca4bbc7a2dd94ee58162401,831600,10000,InvestmentFund,Commodity,InvestmentStock,null,null
5ca4bbc7a2dd94ee58162402,422649,10000,CurrencyService,InvestmentStock,null,null,null
5ca4bbc7a2dd94ee58162403,556654,10000,CurrencyService,Brokerage,Derivatives,InvestmentStock,null
5ca4bbc7a2dd94ee58162404,678107,10000,InvestmentStock,null,null,null,null
5ca4bbc7a2dd94ee58162405,855373,10000,CurrencyService,Commodity,InvestmentStock,null,null
5ca4bbc7a2dd94ee58162406,694827,10000,Commodity,Brokerage,InvestmentStock,null,null
5ca4bbc7a2dd94ee58162407,199559,10000,Commodity,Brokerage,InvestmentStock,null,null
5ca4bbc7a2dd94ee58162408,76399,10000,CurrencyService,Derivatives,InvestmentStock,null,null
5ca4bbc7a2dd94ee58162409,159243,10000,CurrencyService,Brokerage,InvestmentStock,null,null
5ca4bbc7a2dd94ee5816240a,275355,10000,Brokerage,Derivatives,InvestmentStock,CurrencyService,null
5ca4bbc7a2dd94ee5816240b,832510,10000,InvestmentFund,Derivatives,InvestmentStock,null,null
5ca4bbc7a2dd94ee5816240c,329562,10000,InvestmentFund,InvestmentStock,null,null,null
5ca4bbc7a2dd94ee5816240d,160912,10000,Commodity,InvestmentStock,null,null,null
5ca4bbc7a2dd94ee5816240e,516700,10000,Brokerage,CurrencyService,InvestmentStock,null,null
5ca4bbc7a2dd94ee5816240f,377923,10000,Derivatives,Brokerage,InvestmentStock,InvestmentFund,null
5ca4bbc7a2dd94ee58162410,515170,10000,CurrencyService,InvestmentFund,Derivatives,InvestmentStock,null
5ca4bbc7a2dd94ee58162411,378693,10000,CurrencyService,Commodity,InvestmentFund,InvestmentStock,null
5ca4bbc7a2dd94ee58162412,101383,10000,InvestmentStock,Derivatives,CurrencyService,null,null
5ca4bbc7a2dd94ee58162413,588722,10000,CurrencyService,InvestmentStock,null,null,null
5ca4bbc7a2dd94ee58162414,261796,10000,InvestmentStock,null,null,null,null
5ca4bbc7a2dd94ee58162415,387979,10000,Brokerage,Derivatives,InvestmentFund,Commodity,InvestmentStock
5ca4bbc7a2dd94ee58162416,470650,10000,CurrencyService,Commodity,InvestmentStock,null,null
5ca4bbc7a2dd94ee58162417,443178,10000,InvestmentStock,Commodity,null,null,null
5ca4bbc7a2dd94ee58162418,785350,10000,Commodity,Derivatives,InvestmentStock,null,null
5ca4bbc7a2dd94ee58162419,931314,10000,InvestmentFund,Commodity,InvestmentStock,Derivatives,null
5ca4bbc7a2dd94ee5816241a,300405,10000,Brokerage,InvestmentFund,InvestmentStock,null,null
5ca4bbc7a2dd94ee5816241b,59715,10000,Brokerage,InvestmentStock,null,null,null
5ca4bbc7a2dd94ee5816241c,261248,10000,CurrencyService,InvestmentStock,null,null,null
5ca4bbc7a2dd94ee5816241d,451189,10000,Brokerage,InvestmentStock,Derivatives,CurrencyService,null
5ca4bbc7a2dd94ee5816241e,729536,10000,Commodity,InvestmentStock,null,null,null
5ca4bbc7a2dd94ee5816241f,723307,10000,InvestmentStock,null,null,null,null
5ca4bbc7a2dd94ee58162420,423254,10000,Brokerage,CurrencyService,Derivatives,InvestmentStock,null
5ca4bbc7a2dd94ee58162421,118127,10000,InvestmentStock,Derivatives,Brokerage,null,null
5ca4bbc7a2dd94ee58162422,255695,10000,InvestmentStock,null,null,null,null
5ca4bbc7a2dd94ee58162423,581161,10000,CurrencyService,InvestmentStock,null,null,null
5ca4bbc7a2dd94ee58162424,98267,10000,Derivatives,InvestmentFund,InvestmentStock,null,null
5ca4bbc7a2dd94ee58162425,637895,10000,InvestmentFund,Commodity,Derivatives,Brokerage,InvestmentStock
5ca4bbc7a2dd94ee58162426,446747,10000,Derivatives,Commodity,Brokerage,InvestmentStock,null
5ca4bbc7a2dd94ee58162427,838304,10000,Brokerage,Derivatives,InvestmentStock,null,null
5ca4bbc7a2dd94ee58162428,139582,10000,InvestmentFund,Commodity,InvestmentStock,null,null
5ca4bbc7a2dd94ee58162429,149440,10000,CurrencyService,Brokerage,Derivatives,InvestmentFund,InvestmentStock
5ca4bbc7a2dd94ee5816242a,296866,10000,InvestmentStock,null,null,null,null
5ca4bbc7a2dd94ee5816242b,316726,10000,CurrencyService,Derivatives,Commodity,InvestmentFund,InvestmentStock
5ca4bbc7a2dd94ee5816242c,278866,10000,Commodity,InvestmentStock,null,null,null
5ca4bbc7a2dd94ee5816242d,78388,10000,InvestmentStock,Brokerage,InvestmentFund,CurrencyService,null
5ca4bbc7a2dd94ee5816242e,330961,10000,InvestmentStock,Derivatives,null,null,null
5ca4bbc7a2dd94ee5816242f,612356,10000,Commodity,InvestmentFund,CurrencyService,InvestmentStock,null
5ca4bbc7a2dd94ee58162430,126668,10000,Commodity,InvestmentStock,null,null,null
5ca4bbc7a2dd94ee58162431,701440,10000,Commodity,InvestmentFund,Brokerage,CurrencyService,InvestmentStock
5ca4bbc7a2dd94ee58162432,842570,10000,CurrencyService,InvestmentFund,InvestmentStock,null,null
5ca4bbc7a2dd94ee58162433,987988,10000,CurrencyService,Derivatives,InvestmentStock,Brokerage,null
5ca4bbc7a2dd94ee58162434,839727,10000,InvestmentFund,InvestmentStock,null,null,null
5ca4bbc7a2dd94ee58162435,161460,10000,Commodity,Brokerage,InvestmentFund,InvestmentStock,null
5ca4bbc7a2dd94ee58162436,740604,10000,Commodity,Derivatives,InvestmentStock,null,null
5ca4bbc7a2dd94ee58162437,347313,10000,InvestmentFund,InvestmentStock,null,null,null
5ca4bbc7a2dd94ee58162438,795909,10000,Brokerage,CurrencyService,InvestmentStock,null,null
5ca4bbc7a2dd94ee58162439,689102,10000,Derivatives,InvestmentStock,null,null,null
5ca4bbc7a2dd94ee5816243a,199962,10000,Brokerage,InvestmentStock,null,null,null
5ca4bbc7a2dd94ee5816243b,673123,10000,CurrencyService,Derivatives,InvestmentStock,null,null
5ca4bbc7a2dd94ee5816243c,312052,10000,Commodity,InvestmentFund,Brokerage,InvestmentStock,null
5ca4bbc7a2dd94ee5816243d,175894,10000,Commodity,InvestmentStock,null,null,null
5ca4bbc7a2dd94ee5816243e,849766,10000,Brokerage,InvestmentStock,Derivatives,InvestmentFund,null
5ca4bbc7a2dd94ee5816243f,977774,10000,CurrencyService,InvestmentStock,null,null,null
5ca4bbc7a2dd94ee58162440,893492,9000,Commodity,Brokerage,CurrencyService,InvestmentStock,null
5ca4bbc7a2dd94ee58162441,904434,10000,InvestmentStock,null,null,null,null
5ca4bbc7a2dd94ee58162442,139687,10000,Derivatives,Brokerage,InvestmentStock,null,null
5ca4bbc7a2dd94ee58162443,120556,10000,Derivatives,CurrencyService,InvestmentFund,InvestmentStock,null
5ca4bbc7a2dd94ee58162444,767808,10000,CurrencyService,InvestmentStock,null,null,null
5ca4bbc7a2dd94ee58162445,647189,10000,Brokerage,CurrencyService,InvestmentStock,null,null
5ca4bbc7a2dd94ee58162446,357510,10000,InvestmentFund,InvestmentStock,null,null,null
5ca4bbc7a2dd94ee58162447,348352,10000,CurrencyService,InvestmentStock,null,null,null
5ca4bbc7a2dd94ee58162448,999137,10000,InvestmentFund,CurrencyService,InvestmentStock,null,null
5ca4bbc7a2dd94ee58162449,126833,10000,InvestmentStock,Derivatives,Commodity,Brokerage,null
5ca4bbc7a2dd94ee5816244a,155475,10000,InvestmentStock,InvestmentFund,Brokerage,Derivatives,null
5ca4bbc7a2dd94ee5816244b,293516,10000,Commodity,InvestmentStock,InvestmentFund,CurrencyService,null
5ca4bbc7a2dd94ee5816244c,924182,10000,InvestmentFund,Derivatives,InvestmentStock,Commodity,null
5ca4bbc7a2dd94ee5816244d,116508,10000,InvestmentFund,InvestmentStock,Brokerage,null,null
5ca4bbc7a2dd94ee5816244e,700899,10000,Derivatives,InvestmentStock,null,null,null
5ca4bbc7a2dd94ee5816244f,292314,10000,InvestmentFund,InvestmentStock,null,null,null
5ca4bbc7a2dd94ee58162450,202669,10000,Brokerage,InvestmentStock,Commodity,InvestmentFund,null
5ca4bbc7a2dd94ee58162451,226865,10000,CurrencyService,Brokerage,InvestmentStock,null,null
5ca4bbc7a2dd94ee58162452,604215,10000,Brokerage,InvestmentStock,null,null,null
5ca4bbc7a2dd94ee58162453,585158,10000,InvestmentStock,Derivatives,CurrencyService,null,null
5ca4bbc7a2dd94ee58162454,377292,10000,Commodity,InvestmentFund,InvestmentStock,null,null
5ca4bbc7a2dd94ee58162455,494443,10000,Derivatives,InvestmentFund,CurrencyService,Commodity,InvestmentStock
5ca4bbc7a2dd94ee58162456,170945,10000,Derivatives,Commodity,InvestmentStock,null,null
5ca4bbc7a2dd94ee58162457,951849,10000,Brokerage,InvestmentStock,null,null,null
5ca4bbc7a2dd94ee58162458,852986,7000,Derivatives,Commodity,CurrencyService,InvestmentFund,InvestmentStock
5ca4bbc7a2dd94ee58162459,130514,10000,InvestmentStock,null,null,null,null
5ca4bbc7a2dd94ee5816245a,563516,10000,InvestmentStock,Commodity,CurrencyService,InvestmentFund,null
5ca4bbc7a2dd94ee5816245b,346408,10000,Brokerage,InvestmentStock,null,null,null
5ca4bbc7a2dd94ee5816245c,904260,10000,Derivatives,CurrencyService,Commodity,InvestmentStock,null
5ca4bbc7a2dd94ee5816245d,565468,10000,CurrencyService,Commodity,InvestmentStock,null,null
5ca4bbc7a2dd94ee5816245e,679236,10000,InvestmentFund,InvestmentStock,null,null,null
5ca4bbc7a2dd94ee5816245f,985280,10000,CurrencyService,InvestmentFund,InvestmentStock,null,null
5ca4bbc7a2dd94ee58162460,898675,10000,InvestmentStock,Derivatives,Commodity,null,null
5ca4bbc7a2dd94ee58162461,839760,10000,InvestmentStock,CurrencyService,null,null,null
5ca4bbc7a2dd94ee58162462,264514,10000,Brokerage,InvestmentStock,Commodity,Derivatives,null
5ca4bbc7a2dd94ee58162463,356905,10000,Derivatives,InvestmentStock,null,null,null
5ca4bbc7a2dd94ee58162464,571311,10000,InvestmentFund,Derivatives,Commodity,InvestmentStock,null
5ca4bbc7a2dd94ee58162465,323636,10000,InvestmentStock,Commodity,Brokerage,Derivatives,null
5ca4bbc7a2dd94ee58162466,409325,10000,CurrencyService,InvestmentStock,null,null,null
5ca4bbc7a2dd94ee58162467,859697,10000,InvestmentFund,Derivatives,InvestmentStock,null,null
5ca4bbc7a2dd94ee58162468,116390,10000,Commodity,InvestmentFund,Derivatives,InvestmentStock,null
5ca4bbc7a2dd94ee58162469,385397,10000,Derivatives,InvestmentStock,null,null,null
5ca4bbc7a2dd94ee5816246a,337979,10000,Brokerage,Derivatives,InvestmentStock,CurrencyService,null
5ca4bbc7a2dd94ee5816246b,325377,10000,Brokerage,InvestmentStock,null,null,null
5ca4bbc7a2dd94ee5816246c,304450,10000,CurrencyService,InvestmentStock,Derivatives,Brokerage,null
5ca4bbc7a2dd94ee5816246d,792665,10000,Commodity,CurrencyService,Derivatives,InvestmentStock,null
5ca4bbc7a2dd94ee5816246e,719866,10000,InvestmentFund,InvestmentStock,Derivatives,Commodity,null
5ca4bbc7a2dd94ee5816246f,921942,10000,Commodity,InvestmentStock,CurrencyService,null,null
5ca4bbc7a2dd94ee58162470,156715,10000,InvestmentStock,null,null,null,null
5ca4bbc7a2dd94ee58162471,616103,10000,InvestmentFund,Commodity,Derivatives,InvestmentStock,null
5ca4bbc7a2dd94ee58162472,485390,10000,Brokerage,InvestmentStock,null,null,null
5ca4bbc7a2dd94ee58162473,892478,10000,Commodity,Derivatives,InvestmentFund,InvestmentStock,null
5ca4bbc7a2dd94ee58162474,455317,10000,Derivatives,InvestmentStock,null,null,null
5ca4bbc7a2dd94ee58162475,165436,10000,Commodity,InvestmentStock,null,null,null
5ca4bbc7a2dd94ee58162476,455365,10000,InvestmentStock,Brokerage,CurrencyService,InvestmentFund,null
5ca4bbc7a2dd94ee58162477,244662,10000,InvestmentStock,InvestmentFund,null,null,null
5ca4bbc7a2dd94ee58162478,120472,10000,InvestmentFund,CurrencyService,InvestmentStock,null,null
5ca4bbc7a2dd94ee58162479,176639,10000,Derivatives,Commodity,InvestmentStock,null,null
5ca4bbc7a2dd94ee5816247a,777752,7000,CurrencyService,Brokerage,Commodity,InvestmentFund,InvestmentStock
5ca4bbc7a2dd94ee5816247b,537968,10000,InvestmentFund,InvestmentStock,CurrencyService,Derivatives,null
5ca4bbc7a2dd94ee5816247c,141597,10000,Brokerage,InvestmentStock,CurrencyService,InvestmentFund,null
5ca4bbc7a2dd94ee5816247d,782938,10000,InvestmentFund,Derivatives,InvestmentStock,null,null
5ca4bbc7a2dd94ee5816247e,103536,10000,Commodity,InvestmentStock,CurrencyService,null,null
5ca4bbc7a2dd94ee5816247f,584846,10000,InvestmentFund,Commodity,InvestmentStock,null,null
5ca4bbc7a2dd94ee58162480,456867,10000,InvestmentStock,null,null,null,null
5ca4bbc7a2dd94ee58162481,364643,10000,Commodity,Brokerage,InvestmentStock,CurrencyService,null
5ca4bbc7a2dd94ee58162482,716662,10000,Commodity,Brokerage,InvestmentFund,InvestmentStock,null
5ca4bbc7a2dd94ee58162483,155111,10000,CurrencyService,Brokerage,InvestmentStock,null,null
5ca4bbc7a2dd94ee58162484,969775,10000,Brokerage,InvestmentStock,null,null,null
5ca4bbc7a2dd94ee58162485,879238,10000,Brokerage,InvestmentStock,null,null,null
5ca4bbc7a2dd94ee58162486,199711,10000,CurrencyService,InvestmentStock,null,null,null
5ca4bbc7a2dd94ee58162487,922402,10000,Derivatives,InvestmentStock,InvestmentFund,Brokerage,null
5ca4bbc7a2dd94ee58162488,130717,10000,InvestmentFund,Brokerage,InvestmentStock,null,null
5ca4bbc7a2dd94ee58162489,59768,10000,Brokerage,InvestmentStock,null,null,null
5ca4bbc7a2dd94ee5816248a,55104,10000,InvestmentFund,InvestmentStock,null,null,null
5ca4bbc7a2dd94ee5816248b,740050,10000,Brokerage,Commodity,InvestmentStock,null,null
5ca4bbc7a2dd94ee5816248c,677943,10000,InvestmentFund,InvestmentStock,null,null,null
5ca4bbc7a2dd94ee5816248d,54368,10000,Derivatives,Commodity,InvestmentFund,Brokerage,InvestmentStock
5ca4bbc7a2dd94ee5816248e,840171,10000,InvestmentFund,Commodity,Brokerage,Derivatives,InvestmentStock
5ca4bbc7a2dd94ee5816248f,447644,10000,Commodity,InvestmentStock,null,null,null
5ca4bbc7a2dd94ee58162490,469336,9000,Commodity,Derivatives,InvestmentStock,Brokerage,null
5ca4bbc7a2dd94ee58162491,440243,10000,Brokerage,Commodity,InvestmentStock,Derivatives,null
5ca4bbc7a2dd94ee58162492,586395,10000,Commodity,InvestmentStock,Derivatives,null,null
5ca4bbc7a2dd94ee58162493,86702,10000,Commodity,Derivatives,InvestmentStock,null,null
5ca4bbc7a2dd94ee58162494,786406,10000,InvestmentFund,InvestmentStock,null,null,null
5ca4bbc7a2dd94ee58162495,62872,10000,Commodity,Derivatives,InvestmentStock,null,null
5ca4bbc7a2dd94ee58162496,327942,10000,InvestmentFund,Brokerage,InvestmentStock,null,null
5ca4bbc7a2dd94ee58162497,720370,10000,InvestmentFund,InvestmentStock,null,null,null
5ca4bbc7a2dd94ee58162498,358133,10000,InvestmentStock,null,null,null,null
5ca4bbc7a2dd94ee58162499,54977,10000,CurrencyService,Commodity,InvestmentFund,InvestmentStock,null
5ca4bbc7a2dd94ee5816249a,951500,10000,CurrencyService,InvestmentStock,null,null,null
5ca4bbc7a2dd94ee5816249b,162007,10000,CurrencyService,Brokerage,InvestmentStock,null,null
5ca4bbc7a2dd94ee5816249c,737334,10000,InvestmentStock,Commodity,InvestmentFund,Brokerage,null
5ca4bbc7a2dd94ee5816249d,509894,10000,InvestmentStock,Commodity,Brokerage,null,null
5ca4bbc7a2dd94ee5816249e,433314,10000,Commodity,InvestmentFund,InvestmentStock,Derivatives,null
5ca4bbc7a2dd94ee5816249f,630581,10000,InvestmentStock,null,null,null,null
5ca4bbc7a2dd94ee581624a0,733789,10000,CurrencyService,Derivatives,InvestmentStock,Commodity,null
5ca4bbc7a2dd94ee581624a1,851281,10000,Commodity,Derivatives,Brokerage,InvestmentStock,null
5ca4bbc7a2dd94ee581624a2,987709,10000,Derivatives,InvestmentStock,null,null,null
5ca4bbc7a2dd94ee581624a3,662207,9000,Commodity,InvestmentFund,Brokerage,Derivatives,InvestmentStock
5ca4bbc7a2dd94ee581624a4,816481,10000,Derivatives,InvestmentStock,null,null,null
5ca4bbc7a2dd94ee581624a5,631901,10000,Brokerage,Derivatives,InvestmentStock,null,null
5ca4bbc7a2dd94ee581624a6,200611,10000,InvestmentStock,InvestmentFund,CurrencyService,Commodity,null
5ca4bbc7a2dd94ee581624a7,528224,10000,Brokerage,CurrencyService,InvestmentStock,null,null
5ca4bbc7a2dd94ee581624a8,931483,10000,Brokerage,CurrencyService,InvestmentFund,InvestmentStock,null
5ca4bbc7a2dd94ee581624a9,771691,10000,Brokerage,InvestmentFund,InvestmentStock,null,null
5ca4bbc7a2dd94ee581624aa,144469,10000,Brokerage,Commodity,Derivatives,InvestmentStock,null
5ca4bbc7a2dd94ee581624ab,923468,10000,InvestmentStock,null,null,null,null
5ca4bbc7a2dd94ee581624ac,88112,9000,CurrencyService,InvestmentStock,Commodity,null,null
5ca4bbc7a2dd94ee581624ad,567199,10000,Commodity,InvestmentStock,null,null,null
5ca4bbc7a2dd94ee581624ae,359211,10000,Brokerage,InvestmentStock,null,null,null
5ca4bbc7a2dd94ee581624af,436071,10000,Derivatives,Brokerage,InvestmentFund,InvestmentStock,null
5ca4bbc7a2dd94ee581624b0,226641,10000,InvestmentFund,InvestmentStock,null,null,null
5ca4bbc7a2dd94ee581624b1,660732,10000,Brokerage,Derivatives,InvestmentFund,InvestmentStock,null
5ca4bbc7a2dd94ee581624b2,167939,10000,Derivatives,CurrencyService,InvestmentStock,null,null
5ca4bbc7a2dd94ee581624b3,185130,10000,CurrencyService,InvestmentStock,null,null,null
5ca4bbc7a2dd94ee581624b4,559866,10000,Commodity,Derivatives,InvestmentStock,null,null
5ca4bbc7a2dd94ee581624b5,205563,10000,CurrencyService,Derivatives,Brokerage,InvestmentFund,InvestmentStock
5ca4bbc7a2dd94ee581624b6,616602,10000,InvestmentStock,null,null,null,null
5ca4bbc7a2dd94ee581624b7,387877,10000,InvestmentStock,CurrencyService,InvestmentFund,null,null
5ca4bbc7a2dd94ee581624b8,460069,10000,InvestmentFund,CurrencyService,Derivatives,Commodity,InvestmentStock
5ca4bbc7a2dd94ee581624b9,448325,10000,InvestmentStock,Brokerage,Commodity,InvestmentFund,null
5ca4bbc7a2dd94ee581624ba,666556,10000,InvestmentStock,Commodity,Brokerage,InvestmentFund,null
5ca4bbc7a2dd94ee581624bb,66698,10000,InvestmentStock,Commodity,Derivatives,CurrencyService,null
5ca4bbc7a2dd94ee581624bc,859246,10000,CurrencyService,InvestmentFund,Commodity,InvestmentStock,null
5ca4bbc7a2dd94ee581624bd,183400,10000,InvestmentStock,Brokerage,null,null,null
5ca4bbc7a2dd94ee581624be,460192,10000,Derivatives,CurrencyService,InvestmentStock,null,null
5ca4bbc7a2dd94ee581624bf,59819,10000,Commodity,InvestmentFund,CurrencyService,Derivatives,InvestmentStock
5ca4bbc7a2dd94ee581624c0,531283,10000,InvestmentFund,Commodity,InvestmentStock,null,null
5ca4bbc7a2dd94ee581624c1,415928,10000,InvestmentFund,CurrencyService,Brokerage,InvestmentStock,null
5ca4bbc7a2dd94ee581624c2,525530,10000,Derivatives,InvestmentStock,null,null,null
5ca4bbc7a2dd94ee581624c3,914197,10000,InvestmentFund,CurrencyService,InvestmentStock,null,null
5ca4bbc7a2dd94ee581624c4,650995,10000,InvestmentStock,CurrencyService,InvestmentFund,Brokerage,null
5ca4bbc7a2dd94ee581624c5,271186,10000,Brokerage,InvestmentStock,null,null,null
5ca4bbc7a2dd94ee581624c6,887464,10000,Brokerage,Commodity,Derivatives,InvestmentStock,null
5ca4bbc7a2dd94ee581624c7,77831,10000,InvestmentFund,InvestmentStock,Derivatives,null,null
5ca4bbc7a2dd94ee581624c8,757913,10000,Commodity,InvestmentFund,Derivatives,InvestmentStock,null
5ca4bbc7a2dd94ee581624c9,644474,10000,InvestmentFund,InvestmentStock,null,null,null
5ca4bbc7a2dd94ee581624ca,574197,10000,Commodity,Derivatives,CurrencyService,Brokerage,InvestmentStock
5ca4bbc7a2dd94ee581624cb,118003,10000,InvestmentStock,null,null,null,null
5ca4bbc7a2dd94ee581624cc,292277,10000,Brokerage,CurrencyService,InvestmentFund,Commodity,InvestmentStock
5ca4bbc7a2dd94ee581624cd,131885,10000,CurrencyService,InvestmentStock,null,null,null
5ca4bbc7a2dd94ee581624ce,643375,9000,Commodity,InvestmentStock,Brokerage,null,null
5ca4bbc7a2dd94ee581624cf,615886,10000,InvestmentFund,CurrencyService,InvestmentStock,Commodity,null
5ca4bbc7a2dd94ee581624d0,861706,10000,InvestmentStock,InvestmentFund,Brokerage,null,null
5ca4bbc7a2dd94ee581624d1,475571,10000,Derivatives,InvestmentStock,null,null,null
5ca4bbc7a2dd94ee581624d2,626536,10000,Derivatives,InvestmentFund,Brokerage,InvestmentStock,null
5ca4bbc7a2dd94ee581624d3,814687,10000,InvestmentFund,Derivatives,InvestmentStock,null,null
5ca4bbc7a2dd94ee581624d4,571880,10000,InvestmentStock,null,null,null,null
5ca4bbc7a2dd94ee581624d5,312740,8000,CurrencyService,InvestmentStock,null,null,null
5ca4bbc7a2dd94ee581624d6,883283,10000,Brokerage,Derivatives,InvestmentStock,InvestmentFund,null
5ca4bbc7a2dd94ee581624d7,980867,10000,CurrencyService,Derivatives,Brokerage,Commodity,InvestmentStock
5ca4bbc7a2dd94ee581624d8,164836,10000,InvestmentStock,Derivatives,InvestmentFund,null,null
5ca4bbc7a2dd94ee581624d9,534789,10000,Brokerage,InvestmentFund,CurrencyService,InvestmentStock,null
5ca4bbc7a2dd94ee581624da,131176,10000,InvestmentFund,InvestmentStock,null,null,null
5ca4bbc7a2dd94ee581624db,331169,10000,InvestmentStock,CurrencyService,Commodity,null,null
5ca4bbc7a2dd94ee581624dc,122923,10000,CurrencyService,InvestmentStock,InvestmentFund,null,null
5ca4bbc7a2dd94ee581624dd,859284,10000,Brokerage,InvestmentFund,InvestmentStock,null,null
5ca4bbc7a2dd94ee581624de,709294,10000,CurrencyService,InvestmentStock,null,null,null
5ca4bbc7a2dd94ee581624df,550665,10000,Derivatives,InvestmentStock,null,null,null
5ca4bbc7a2dd94ee581624e0,321695,10000,Derivatives,Commodity,CurrencyService,Brokerage,InvestmentStock
5ca4bbc7a2dd94ee581624e1,62713,10000,Commodity,Brokerage,Derivatives,InvestmentStock,null
5ca4bbc7a2dd94ee581624e2,278149,10000,InvestmentStock,CurrencyService,Commodity,Brokerage,null
5ca4bbc7a2dd94ee581624e3,298562,10000,Derivatives,Commodity,InvestmentFund,Brokerage,InvestmentStock
5ca4bbc7a2dd94ee581624e4,51474,10000,Brokerage,Commodity,InvestmentStock,InvestmentFund,null
5ca4bbc7a2dd94ee581624e5,442724,10000,CurrencyService,InvestmentStock,null,null,null
5ca4bbc7a2dd94ee581624e6,427384,10000,InvestmentStock,null,null,null,null
5ca4bbc7a2dd94ee581624e7,645476,10000,Derivatives,InvestmentStock,null,null,null
5ca4bbc7a2dd94ee581624e8,165279,10000,InvestmentFund,InvestmentStock,null,null,null
5ca4bbc7a2dd94ee581624e9,231223,10000,CurrencyService,Commodity,Brokerage,InvestmentStock,null
5ca4bbc7a2dd94ee581624ea,621326,10000,InvestmentFund,InvestmentStock,Derivatives,Brokerage,null
5ca4bbc7a2dd94ee581624eb,331043,10000,CurrencyService,Brokerage,Commodity,InvestmentStock,null
5ca4bbc7a2dd94ee581624ec,900264,10000,Commodity,Brokerage,InvestmentFund,InvestmentStock,null
5ca4bbc7a2dd94ee581624ed,306033,10000,Derivatives,Brokerage,Commodity,InvestmentStock,null
5ca4bbc7a2dd94ee581624ee,436026,10000,Commodity,InvestmentStock,null,null,null
5ca4bbc7a2dd94ee581624ef,627690,10000,InvestmentStock,Brokerage,Derivatives,null,null
5ca4bbc7a2dd94ee581624f0,246735,10000,CurrencyService,InvestmentFund,Derivatives,Brokerage,InvestmentStock
5ca4bbc7a2dd94ee581624f1,300446,10000,Brokerage,Commodity,CurrencyService,InvestmentFund,InvestmentStock
5ca4bbc7a2dd94ee581624f2,300735,10000,InvestmentFund,CurrencyService,InvestmentStock,null,null
5ca4bbc7a2dd94ee581624f3,572114,10000,Derivatives,CurrencyService,InvestmentStock,null,null
5ca4bbc7a2dd94ee581624f4,700880,10000,Commodity,InvestmentFund,Derivatives,CurrencyService,InvestmentStock
5ca4bbc7a2dd94ee581624f5,376846,10000,Derivatives,InvestmentStock,null,null,null
5ca4bbc7a2dd94ee581624f6,271554,10000,Derivatives,Commodity,InvestmentStock,Brokerage,null
5ca4bbc7a2dd94ee581624f7,907816,10000,Commodity,CurrencyService,InvestmentStock,null,null
5ca4bbc7a2dd94ee581624f8,397600,10000,Brokerage,InvestmentStock,Derivatives,null,null
5ca4bbc7a2dd94ee581624f9,455692,10000,Brokerage,InvestmentFund,Derivatives,InvestmentStock,null
5ca4bbc7a2dd94ee581624fa,542264,10000,InvestmentStock,null,null,null,null
5ca4bbc7a2dd94ee581624fb,857368,10000,Commodity,InvestmentFund,Derivatives,InvestmentStock,null
5ca4bbc7a2dd94ee581624fc,303316,10000,CurrencyService,Derivatives,InvestmentStock,null,null
5ca4bbc7a2dd94ee581624fd,777410,10000,Derivatives,CurrencyService,InvestmentStock,null,null
5ca4bbc7a2dd94ee581624fe,452686,10000,Derivatives,CurrencyService,InvestmentStock,null,null
5ca4bbc7a2dd94ee581624ff,698136,10000,Brokerage,Derivatives,CurrencyService,InvestmentFund,InvestmentStock
5ca4bbc7a2dd94ee58162500,686986,10000,Derivatives,InvestmentStock,null,null,null
5ca4bbc7a2dd94ee58162501,965131,10000,Brokerage,Derivatives,InvestmentStock,null,null
5ca4bbc7a2dd94ee58162502,143720,10000,Brokerage,InvestmentStock,null,null,null
5ca4bbc7a2dd94ee58162503,285919,10000,Brokerage,InvestmentStock,null,null,null
5ca4bbc7a2dd94ee58162504,947160,10000,InvestmentFund,Brokerage,InvestmentStock,null,null
5ca4bbc7a2dd94ee58162505,401811,10000,InvestmentStock,Derivatives,Brokerage,null,null
5ca4bbc7a2dd94ee58162506,249109,10000,Commodity,Brokerage,InvestmentStock,CurrencyService,null
5ca4bbc7a2dd94ee58162507,968012,10000,InvestmentStock,Commodity,InvestmentFund,null,null
5ca4bbc7a2dd94ee58162508,721947,9000,Brokerage,InvestmentStock,null,null,null
5ca4bbc7a2dd94ee58162509,937558,10000,CurrencyService,Commodity,Derivatives,InvestmentStock,null
5ca4bbc7a2dd94ee5816250a,141237,10000,CurrencyService,InvestmentStock,null,null,null
5ca4bbc7a2dd94ee5816250b,558349,10000,Brokerage,CurrencyService,Commodity,InvestmentStock,null
5ca4bbc7a2dd94ee5816250c,510332,10000,CurrencyService,Brokerage,InvestmentStock,null,null
5ca4bbc7a2dd94ee5816250d,928230,10000,Brokerage,Derivatives,InvestmentStock,null,null
5ca4bbc7a2dd94ee5816250e,120548,10000,CurrencyService,InvestmentStock,null,null,null
5ca4bbc7a2dd94ee5816250f,856354,10000,CurrencyService,Derivatives,InvestmentFund,InvestmentStock,null
5ca4bbc7a2dd94ee58162510,177069,10000,Commodity,InvestmentStock,null,null,null
5ca4bbc7a2dd94ee58162511,233104,10000,Derivatives,InvestmentStock,null,null,null
5ca4bbc7a2dd94ee58162512,671035,10000,CurrencyService,InvestmentStock,InvestmentFund,null,null
5ca4bbc7a2dd94ee58162513,575454,10000,InvestmentFund,InvestmentStock,null,null,null
5ca4bbc7a2dd94ee58162514,394038,10000,InvestmentFund,Brokerage,Derivatives,Commodity,InvestmentStock
5ca4bbc7a2dd94ee58162515,958881,10000,Derivatives,InvestmentStock,null,null,null
5ca4bbc7a2dd94ee58162516,921679,10000,InvestmentFund,CurrencyService,InvestmentStock,null,null
5ca4bbc7a2dd94ee58162517,608510,10000,InvestmentFund,Derivatives,Commodity,InvestmentStock,null
5ca4bbc7a2dd94ee58162518,370854,10000,Derivatives,CurrencyService,InvestmentFund,InvestmentStock,null
5ca4bbc7a2dd94ee58162519,870933,10000,InvestmentStock,Brokerage,null,null,null
5ca4bbc7a2dd94ee5816251a,667833,10000,Brokerage,InvestmentStock,null,null,null
5ca4bbc7a2dd94ee5816251b,810947,10000,Commodity,InvestmentStock,null,null,null
5ca4bbc7a2dd94ee5816251c,523409,10000,Derivatives,Brokerage,Commodity,InvestmentStock,null
5ca4bbc7a2dd94ee5816251d,294632,10000,CurrencyService,InvestmentStock,null,null,null
5ca4bbc7a2dd94ee5816251e,782383,10000,InvestmentFund,Brokerage,InvestmentStock,null,null
5ca4bbc7a2dd94ee5816251f,136139,10000,CurrencyService,InvestmentFund,InvestmentStock,null,null
5ca4bbc7a2dd94ee58162520,891045,10000,Brokerage,Commodity,Derivatives,InvestmentStock,null
5ca4bbc7a2dd94ee58162521,842086,10000,CurrencyService,InvestmentStock,Brokerage,Commodity,null
5ca4bbc7a2dd94ee58162522,674464,10000,InvestmentFund,Brokerage,InvestmentStock,null,null
5ca4bbc7a2dd94ee58162523,341068,9000,InvestmentStock,null,null,null,null
5ca4bbc7a2dd94ee58162524,516709,10000,Brokerage,InvestmentFund,InvestmentStock,null,null
5ca4bbc7a2dd94ee58162525,855057,10000,InvestmentFund,InvestmentStock,Brokerage,null,null
5ca4bbc7a2dd94ee58162526,774823,10000,Brokerage,InvestmentStock,null,null,null
5ca4bbc7a2dd94ee58162527,451764,10000,Brokerage,Derivatives,InvestmentStock,null,null
5ca4bbc7a2dd94ee58162528,473748,10000,Brokerage,InvestmentStock,null,null,null
5ca4bbc7a2dd94ee58162529,541512,10000,Commodity,InvestmentStock,null,null,null
5ca4bbc7a2dd94ee5816252a,742134,10000,Derivatives,InvestmentFund,InvestmentStock,null,null
5ca4bbc7a2dd94ee5816252b,763063,10000,Commodity,Derivatives,InvestmentStock,null,null
5ca4bbc7a2dd94ee5816252c,287686,10000,InvestmentStock,Brokerage,null,null,null
5ca4bbc7a2dd94ee5816252d,615233,10000,Commodity,InvestmentStock,null,null,null
5ca4bbc7a2dd94ee5816252e,774388,10000,Commodity,Derivatives,CurrencyService,InvestmentStock,null
5ca4bbc7a2dd94ee5816252f,109139,10000,Derivatives,Brokerage,InvestmentFund,CurrencyService,InvestmentStock
5ca4bbc7a2dd94ee58162530,453851,7000,CurrencyService,Brokerage,Derivatives,InvestmentStock,null
5ca4bbc7a2dd94ee58162531,911207,10000,Derivatives,Brokerage,InvestmentStock,null,null
5ca4bbc7a2dd94ee58162532,280867,10000,InvestmentFund,Commodity,Derivatives,Brokerage,InvestmentStock
5ca4bbc7a2dd94ee58162533,789393,10000,Derivatives,InvestmentStock,InvestmentFund,CurrencyService,null
5ca4bbc7a2dd94ee58162534,868245,10000,Derivatives,InvestmentFund,InvestmentStock,null,null
5ca4bbc7a2dd94ee58162535,426688,10000,CurrencyService,InvestmentStock,null,null,null
5ca4bbc7a2dd94ee58162536,103659,10000,Derivatives,CurrencyService,InvestmentFund,InvestmentStock,null
5ca4bbc7a2dd94ee58162537,837602,10000,CurrencyService,InvestmentStock,Commodity,InvestmentFund,null
5ca4bbc7a2dd94ee58162538,590768,10000,Brokerage,Commodity,InvestmentFund,InvestmentStock,null
5ca4bbc7a2dd94ee58162539,964645,10000,Brokerage,InvestmentFund,InvestmentStock,null,null
5ca4bbc7a2dd94ee5816253a,602559,10000,CurrencyService,Brokerage,InvestmentStock,Derivatives,null
5ca4bbc7a2dd94ee5816253b,846855,10000,Commodity,Derivatives,CurrencyService,InvestmentFund,InvestmentStock
5ca4bbc7a2dd94ee5816253c,707812,10000,CurrencyService,InvestmentStock,null,null,null
5ca4bbc7a2dd94ee5816253d,317282,10000,InvestmentFund,Commodity,InvestmentStock,null,null
5ca4bbc7a2dd94ee5816253e,836981,10000,CurrencyService,InvestmentFund,InvestmentStock,Commodity,null
5ca4bbc7a2dd94ee5816253f,706522,10000,Derivatives,CurrencyService,InvestmentFund,Brokerage,InvestmentStock
5ca4bbc7a2dd94ee58162540,388578,8000,Derivatives,InvestmentStock,null,null,null
5ca4bbc7a2dd94ee58162541,129343,10000,Commodity,Derivatives,InvestmentStock,null,null
5ca4bbc7a2dd94ee58162542,711252,10000,InvestmentStock,Derivatives,Commodity,null,null
5ca4bbc7a2dd94ee58162543,868418,10000,Commodity,CurrencyService,InvestmentStock,null,null
5ca4bbc7a2dd94ee58162544,549289,10000,CurrencyService,Derivatives,InvestmentStock,null,null
5ca4bbc7a2dd94ee58162545,66611,9000,Brokerage,InvestmentStock,null,null,null
5ca4bbc7a2dd94ee58162546,804549,10000,Derivatives,InvestmentStock,null,null,null
5ca4bbc7a2dd94ee58162547,380955,10000,InvestmentStock,Derivatives,Commodity,null,null
5ca4bbc7a2dd94ee58162548,235779,10000,Commodity,Brokerage,InvestmentStock,null,null
5ca4bbc7a2dd94ee58162549,85228,9000,CurrencyService,InvestmentStock,null,null,null
5ca4bbc7a2dd94ee5816254a,130832,10000,Brokerage,InvestmentStock,null,null,null
5ca4bbc7a2dd94ee5816254b,685011,10000,Commodity,InvestmentStock,null,null,null
5ca4bbc7a2dd94ee5816254c,958231,10000,InvestmentFund,CurrencyService,Derivatives,InvestmentStock,null
5ca4bbc7a2dd94ee5816254d,924297,10000,CurrencyService,Commodity,InvestmentStock,null,null
5ca4bbc7a2dd94ee5816254e,230611,10000,InvestmentFund,InvestmentStock,null,null,null
5ca4bbc7a2dd94ee5816254f,584594,10000,InvestmentStock,Commodity,InvestmentFund,Derivatives,null
5ca4bbc7a2dd94ee58162550,107787,10000,InvestmentStock,InvestmentFund,Commodity,Derivatives,null
5ca4bbc7a2dd94ee58162551,776263,10000,CurrencyService,InvestmentStock,null,null,null
5ca4bbc7a2dd94ee58162552,568788,10000,CurrencyService,InvestmentStock,null,null,null
5ca4bbc7a2dd94ee58162553,226114,10000,Brokerage,InvestmentFund,InvestmentStock,Commodity,null
5ca4bbc7a2dd94ee58162554,155224,10000,Brokerage,CurrencyService,InvestmentStock,null,null
5ca4bbc7a2dd94ee58162555,960568,10000,Commodity,Brokerage,CurrencyService,InvestmentStock,null
5ca4bbc7a2dd94ee58162556,482719,9000,Commodity,InvestmentStock,null,null,null
5ca4bbc7a2dd94ee58162557,483041,10000,InvestmentStock,CurrencyService,Commodity,InvestmentFund,null
5ca4bbc7a2dd94ee58162558,203285,10000,CurrencyService,Brokerage,InvestmentStock,null,null
5ca4bbc7a2dd94ee58162559,806864,10000,InvestmentStock,InvestmentFund,Derivatives,Brokerage,null
5ca4bbc7a2dd94ee5816255a,951017,10000,Brokerage,Commodity,Derivatives,CurrencyService,InvestmentStock
5ca4bbc7a2dd94ee5816255b,884822,10000,InvestmentStock,Commodity,null,null,null
5ca4bbc7a2dd94ee5816255c,111213,9000,CurrencyService,InvestmentStock,null,null,null
5ca4bbc7a2dd94ee5816255d,598715,10000,CurrencyService,InvestmentStock,null,null,null
5ca4bbc7a2dd94ee5816255e,914514,10000,Commodity,InvestmentStock,null,null,null
5ca4bbc7a2dd94ee5816255f,177814,10000,Derivatives,InvestmentStock,null,null,null
5ca4bbc7a2dd94ee58162560,938326,10000,Derivatives,InvestmentStock,Brokerage,InvestmentFund,null
5ca4bbc7a2dd94ee58162561,842047,10000,Brokerage,Commodity,InvestmentFund,CurrencyService,InvestmentStock
5ca4bbc7a2dd94ee58162562,151378,10000,Derivatives,Commodity,CurrencyService,InvestmentStock,null
5ca4bbc7a2dd94ee58162563,66589,10000,Commodity,InvestmentStock,null,null,null
5ca4bbc7a2dd94ee58162564,132017,10000,Commodity,CurrencyService,InvestmentFund,InvestmentStock,null
5ca4bbc7a2dd94ee58162565,354107,7000,Commodity,InvestmentFund,InvestmentStock,null,null
5ca4bbc7a2dd94ee58162566,825576,10000,Commodity,Derivatives,InvestmentStock,null,null
5ca4bbc7a2dd94ee58162567,720436,10000,CurrencyService,InvestmentStock,null,null,null
5ca4bbc7a2dd94ee58162568,442170,10000,InvestmentFund,InvestmentStock,null,null,null
5ca4bbc7a2dd94ee58162569,408143,10000,InvestmentFund,InvestmentStock,Commodity,Brokerage,null
5ca4bbc7a2dd94ee5816256a,625263,10000,Commodity,Derivatives,CurrencyService,InvestmentStock,null
5ca4bbc7a2dd94ee5816256b,945366,10000,InvestmentFund,Commodity,CurrencyService,Derivatives,InvestmentStock
5ca4bbc7a2dd94ee5816256c,578413,10000,CurrencyService,Derivatives,Brokerage,InvestmentStock,null
5ca4bbc7a2dd94ee5816256d,211992,10000,Commodity,InvestmentStock,null,null,null
5ca4bbc7a2dd94ee5816256e,87437,10000,InvestmentFund,InvestmentStock,null,null,null
5ca4bbc7a2dd94ee5816256f,61329,10000,InvestmentStock,CurrencyService,Derivatives,null,null
5ca4bbc7a2dd94ee58162570,972041,10000,Derivatives,InvestmentFund,CurrencyService,InvestmentStock,null
5ca4bbc7a2dd94ee58162571,763879,10000,Derivatives,InvestmentStock,Commodity,null,null
5ca4bbc7a2dd94ee58162572,741232,10000,CurrencyService,Commodity,InvestmentStock,Derivatives,null
5ca4bbc7a2dd94ee58162573,499796,10000,Brokerage,Commodity,InvestmentStock,Derivatives,null
5ca4bbc7a2dd94ee58162574,681468,10000,CurrencyService,InvestmentStock,null,null,null
5ca4bbc7a2dd94ee58162575,349536,10000,Brokerage,Derivatives,InvestmentStock,null,null
5ca4bbc7a2dd94ee58162576,154391,10000,Brokerage,Commodity,InvestmentStock,null,null
5ca4bbc7a2dd94ee58162577,681381,10000,InvestmentStock,null,null,null,null
5ca4bbc7a2dd94ee58162578,881424,10000,InvestmentStock,Derivatives,null,null,null
5ca4bbc7a2dd94ee58162579,729752,10000,Brokerage,Derivatives,InvestmentStock,null,null
5ca4bbc7a2dd94ee5816257a,369055,10000,Commodity,InvestmentStock,null,null,null
5ca4bbc7a2dd94ee5816257b,317556,10000,Brokerage,Derivatives,InvestmentFund,Commodity,InvestmentStock
5ca4bbc7a2dd94ee5816257c,163269,10000,InvestmentFund,InvestmentStock,CurrencyService,null,null
5ca4bbc7a2dd94ee5816257d,87191,10000,Derivatives,CurrencyService,InvestmentStock,null,null
5ca4bbc7a2dd94ee5816257e,194523,9000,Commodity,InvestmentFund,Brokerage,InvestmentStock,null
5ca4bbc7a2dd94ee5816257f,303025,10000,CurrencyService,Commodity,InvestmentStock,null,null
5ca4bbc7a2dd94ee58162580,155156,10000,Derivatives,Brokerage,Commodity,InvestmentStock,null
5ca4bbc7a2dd94ee58162581,529972,10000,CurrencyService,Commodity,InvestmentStock,Brokerage,null
5ca4bbc7a2dd94ee58162582,77032,10000,Commodity,InvestmentFund,Brokerage,Derivatives,InvestmentStock
5ca4bbc7a2dd94ee58162583,785218,10000,Commodity,InvestmentStock,null,null,null
5ca4bbc7a2dd94ee58162584,379691,10000,Brokerage,InvestmentStock,null,null,null
5ca4bbc7a2dd94ee58162585,386231,10000,InvestmentFund,InvestmentStock,Commodity,null,null
5ca4bbc7a2dd94ee58162586,277161,10000,Commodity,InvestmentFund,CurrencyService,InvestmentStock,null
5ca4bbc7a2dd94ee58162587,911518,8000,Brokerage,CurrencyService,Derivatives,InvestmentStock,null
5ca4bbc7a2dd94ee58162588,604077,10000,CurrencyService,InvestmentStock,null,null,null
5ca4bbc7a2dd94ee58162589,971879,10000,InvestmentFund,Commodity,InvestmentStock,null,null
5ca4bbc7a2dd94ee5816258a,895913,10000,Brokerage,Commodity,InvestmentStock,null,null
5ca4bbc7a2dd94ee5816258b,557174,10000,Brokerage,Commodity,InvestmentStock,null,null
5ca4bbc7a2dd94ee5816258c,882334,10000,CurrencyService,Brokerage,InvestmentStock,null,null
5ca4bbc7a2dd94ee5816258d,587785,10000,InvestmentStock,Commodity,null,null,null
5ca4bbc7a2dd94ee5816258e,748530,10000,Brokerage,Derivatives,InvestmentStock,null,null
5ca4bbc7a2dd94ee5816258f,745028,10000,CurrencyService,InvestmentStock,null,null,null
5ca4bbc7a2dd94ee58162590,638191,10000,InvestmentStock,InvestmentFund,null,null,null
5ca4bbc7a2dd94ee58162591,558048,10000,CurrencyService,Brokerage,InvestmentStock,null,null
5ca4bbc7a2dd94ee58162592,622628,10000,InvestmentFund,CurrencyService,InvestmentStock,null,null
5ca4bbc7a2dd94ee58162593,726384,10000,Brokerage,Commodity,InvestmentStock,null,null
5ca4bbc7a2dd94ee58162594,958411,10000,Derivatives,InvestmentFund,Commodity,InvestmentStock,null
5ca4bbc7a2dd94ee58162595,356904,9000,Derivatives,Brokerage,Commodity,InvestmentStock,null
5ca4bbc7a2dd94ee58162596,303388,10000,InvestmentStock,InvestmentFund,Derivatives,null,null
5ca4bbc7a2dd94ee58162597,484387,10000,Derivatives,InvestmentStock,null,null,null
5ca4bbc7a2dd94ee58162598,744624,10000,Commodity,InvestmentStock,null,null,null
5ca4bbc7a2dd94ee58162599,930584,10000,CurrencyService,InvestmentStock,null,null,null
5ca4bbc7a2dd94ee5816259a,928506,10000,Derivatives,Brokerage,InvestmentStock,null,null
5ca4bbc7a2dd94ee5816259b,96224,10000,CurrencyService,Derivatives,Brokerage,InvestmentStock,null
5ca4bbc7a2dd94ee5816259c,764007,10000,CurrencyService,InvestmentStock,null,null,null
5ca4bbc7a2dd94ee5816259d,873264,10000,Commodity,InvestmentStock,null,null,null
5ca4bbc7a2dd94ee5816259e,833317,10000,CurrencyService,InvestmentStock,null,null,null
5ca4bbc7a2dd94ee5816259f,358684,10000,CurrencyService,InvestmentStock,null,null,null
5ca4bbc7a2dd94ee581625a0,57322,10000,InvestmentStock,null,null,null,null
5ca4bbc7a2dd94ee581625a1,428110,10000,CurrencyService,InvestmentStock,null,null,null
5ca4bbc7a2dd94ee581625a2,466310,10000,InvestmentStock,InvestmentFund,Brokerage,null,null
5ca4bbc7a2dd94ee581625a3,845284,10000,Brokerage,InvestmentStock,null,null,null
5ca4bbc7a2dd94ee581625a4,881767,10000,Derivatives,CurrencyService,InvestmentStock,null,null
5ca4bbc7a2dd94ee581625a5,153460,10000,InvestmentStock,Derivatives,Brokerage,InvestmentFund,null
5ca4bbc7a2dd94ee581625a6,147575,10000,InvestmentStock,Brokerage,Derivatives,null,null
5ca4bbc7a2dd94ee581625a7,964253,10000,Derivatives,InvestmentStock,null,null,null
5ca4bbc7a2dd94ee581625a8,273823,10000,CurrencyService,Commodity,InvestmentStock,null,null
5ca4bbc7a2dd94ee581625a9,591026,10000,InvestmentFund,InvestmentStock,null,null,null
5ca4bbc7a2dd94ee581625aa,585432,10000,Derivatives,InvestmentFund,InvestmentStock,null,null
5ca4bbc7a2dd94ee581625ab,387816,10000,Commodity,CurrencyService,InvestmentStock,null,null
5ca4bbc7a2dd94ee581625ac,453177,10000,InvestmentFund,InvestmentStock,null,null,null
5ca4bbc7a2dd94ee581625ad,385361,7000,InvestmentStock,Brokerage,null,null,null
5ca4bbc7a2dd94ee581625ae,572998,10000,Derivatives,InvestmentFund,InvestmentStock,null,null
5ca4bbc7a2dd94ee581625af,719203,10000,Commodity,InvestmentStock,InvestmentFund,Brokerage,null
5ca4bbc7a2dd94ee581625b0,506711,10000,Derivatives,Commodity,InvestmentStock,null,null
5ca4bbc7a2dd94ee581625b1,569420,10000,Derivatives,InvestmentStock,null,null,null
5ca4bbc7a2dd94ee581625b2,497088,10000,Brokerage,InvestmentFund,InvestmentStock,null,null
5ca4bbc7a2dd94ee581625b3,183253,10000,InvestmentFund,CurrencyService,InvestmentStock,null,null
5ca4bbc7a2dd94ee581625b4,639241,10000,Derivatives,InvestmentFund,InvestmentStock,null,null
5ca4bbc7a2dd94ee581625b5,502774,9000,Derivatives,InvestmentFund,Commodity,CurrencyService,InvestmentStock
5ca4bbc7a2dd94ee581625b6,175926,10000,CurrencyService,InvestmentStock,null,null,null
5ca4bbc7a2dd94ee581625b7,708479,10000,InvestmentFund,Commodity,InvestmentStock,null,null
5ca4bbc7a2dd94ee581625b8,77397,10000,InvestmentFund,CurrencyService,Commodity,InvestmentStock,null
5ca4bbc7a2dd94ee581625b9,910860,10000,InvestmentFund,InvestmentStock,null,null,null
5ca4bbc7a2dd94ee581625ba,628472,10000,CurrencyService,InvestmentStock,null,null,null
5ca4bbc7a2dd94ee581625bb,153224,10000,Derivatives,InvestmentStock,null,null,null
5ca4bbc7a2dd94ee581625bc,328466,10000,InvestmentStock,Derivatives,null,null,null
5ca4bbc7a2dd94ee581625bd,345766,10000,Brokerage,InvestmentStock,null,null,null
5ca4bbc7a2dd94ee581625be,770487,10000,Derivatives,InvestmentStock,null,null,null
5ca4bbc7a2dd94ee581625bf,743212,10000,Commodity,InvestmentStock,CurrencyService,null,null
5ca4bbc7a2dd94ee581625c0,788021,10000,Brokerage,Commodity,InvestmentStock,null,null
5ca4bbc7a2dd94ee581625c1,541119,10000,InvestmentStock,InvestmentFund,Commodity,null,null
5ca4bbc7a2dd94ee581625c2,398775,10000,Commodity,InvestmentStock,null,null,null
5ca4bbc7a2dd94ee581625c3,828552,10000,Brokerage,InvestmentStock,null,null,null
5ca4bbc7a2dd94ee581625c4,317931,10000,Brokerage,InvestmentFund,Derivatives,InvestmentStock,null
5ca4bbc7a2dd94ee581625c5,632543,10000,CurrencyService,InvestmentStock,null,null,null
5ca4bbc7a2dd94ee581625c6,890055,10000,InvestmentStock,Commodity,null,null,null
5ca4bbc7a2dd94ee581625c7,698900,10000,Brokerage,Derivatives,Commodity,CurrencyService,InvestmentStock
5ca4bbc7a2dd94ee581625c8,902507,10000,Brokerage,InvestmentStock,null,null,null
5ca4bbc7a2dd94ee581625c9,447044,10000,CurrencyService,InvestmentStock,null,null,null
5ca4bbc7a2dd94ee581625ca,372043,10000,InvestmentStock,CurrencyService,null,null,null
5ca4bbc7a2dd94ee581625cb,614528,10000,Derivatives,Commodity,CurrencyService,InvestmentFund,InvestmentStock
5ca4bbc7a2dd94ee581625cc,369761,10000,Brokerage,InvestmentStock,null,null,null
5ca4bbc7a2dd94ee581625cd,872805,10000,Commodity,Brokerage,InvestmentStock,null,null
5ca4bbc7a2dd94ee581625ce,611752,10000,Brokerage,InvestmentStock,Commodity,Derivatives,null
5ca4bbc7a2dd94ee581625cf,327520,10000,Derivatives,InvestmentStock,null,null,null
5ca4bbc7a2dd94ee581625d0,852937,10000,Commodity,CurrencyService,InvestmentFund,Derivatives,InvestmentStock
5ca4bbc7a2dd94ee581625d1,271109,10000,Brokerage,InvestmentStock,null,null,null
5ca4bbc7a2dd94ee581625d2,601671,10000,CurrencyService,InvestmentStock,null,null,null
5ca4bbc7a2dd94ee581625d3,343230,10000,Brokerage,CurrencyService,InvestmentStock,null,null
5ca4bbc7a2dd94ee581625d4,158557,10000,Brokerage,InvestmentStock,null,null,null
5ca4bbc7a2dd94ee581625d5,884849,10000,InvestmentFund,Brokerage,Commodity,InvestmentStock,null
5ca4bbc7a2dd94ee581625d6,87965,10000,InvestmentFund,Derivatives,InvestmentStock,null,null
5ca4bbc7a2dd94ee581625d7,312230,10000,InvestmentFund,Commodity,InvestmentStock,null,null
5ca4bbc7a2dd94ee581625d8,759079,10000,Commodity,Derivatives,Brokerage,InvestmentStock,null
5ca4bbc7a2dd94ee581625d9,986996,10000,CurrencyService,Commodity,InvestmentStock,null,null
5ca4bbc7a2dd94ee581625da,851242,10000,Derivatives,InvestmentStock,null,null,null
5ca4bbc7a2dd94ee581625db,741673,10000,InvestmentFund,Commodity,Brokerage,InvestmentStock,null
5ca4bbc7a2dd94ee581625dc,534637,10000,Derivatives,InvestmentStock,InvestmentFund,null,null
5ca4bbc7a2dd94ee581625dd,495834,10000,CurrencyService,Derivatives,Commodity,InvestmentStock,null
5ca4bbc7a2dd94ee581625de,906796,10000,CurrencyService,InvestmentStock,null,null,null
5ca4bbc7a2dd94ee581625df,292528,10000,Brokerage,InvestmentStock,InvestmentFund,null,null
5ca4bbc7a2dd94ee581625e0,84115,10000,InvestmentFund,InvestmentStock,null,null,null
5ca4bbc7a2dd94ee581625e1,744023,10000,CurrencyService,Commodity,InvestmentStock,null,null
5ca4bbc7a2dd94ee581625e2,811931,10000,Brokerage,InvestmentStock,null,null,null
5ca4bbc7a2dd94ee581625e3,784245,10000,InvestmentStock,null,null,null,null
5ca4bbc7a2dd94ee581625e4,896066,10000,Derivatives,InvestmentFund,Brokerage,CurrencyService,InvestmentStock
5ca4bbc7a2dd94ee581625e5,991412,10000,CurrencyService,Commodity,InvestmentFund,InvestmentStock,null
5ca4bbc7a2dd94ee581625e6,951840,10000,InvestmentFund,Commodity,CurrencyService,InvestmentStock,null
5ca4bbc7a2dd94ee581625e7,145588,10000,Derivatives,InvestmentFund,InvestmentStock,null,null
5ca4bbc7a2dd94ee581625e8,968920,10000,InvestmentStock,null,null,null,null
5ca4bbc7a2dd94ee581625e9,993908,10000,CurrencyService,Derivatives,InvestmentFund,Brokerage,InvestmentStock
5ca4bbc7a2dd94ee581625ea,642405,10000,Brokerage,Commodity,InvestmentFund,CurrencyService,InvestmentStock
5ca4bbc7a2dd94ee581625eb,50948,10000,Derivatives,InvestmentStock,null,null,null
5ca4bbc7a2dd94ee581625ec,944578,10000,InvestmentStock,InvestmentFund,CurrencyService,null,null
5ca4bbc7a2dd94ee581625ed,561206,10000,CurrencyService,Brokerage,InvestmentFund,Commodity,InvestmentStock
5ca4bbc7a2dd94ee581625ee,593441,10000,Commodity,InvestmentFund,InvestmentStock,null,null
5ca4bbc7a2dd94ee581625ef,866159,10000,InvestmentFund,Commodity,Brokerage,Derivatives,InvestmentStock
5ca4bbc7a2dd94ee581625f0,950569,10000,InvestmentFund,InvestmentStock,null,null,null
5ca4bbc7a2dd94ee581625f1,640540,10000,InvestmentStock,InvestmentFund,CurrencyService,null,null
5ca4bbc7a2dd94ee581625f2,871955,10000,CurrencyService,InvestmentFund,InvestmentStock,null,null
5ca4bbc7a2dd94ee581625f3,303463,10000,InvestmentFund,InvestmentStock,null,null,null
5ca4bbc7a2dd94ee581625f4,981415,10000,InvestmentStock,null,null,null,null
5ca4bbc7a2dd94ee581625f5,391838,10000,Brokerage,InvestmentStock,null,null,null
5ca4bbc7a2dd94ee581625f6,129238,10000,InvestmentFund,Brokerage,InvestmentStock,null,null
5ca4bbc7a2dd94ee581625f7,513374,10000,InvestmentStock,InvestmentFund,Derivatives,null,null
5ca4bbc7a2dd94ee581625f8,935752,10000,Derivatives,Commodity,InvestmentStock,null,null
5ca4bbc7a2dd94ee581625f9,103346,10000,InvestmentFund,CurrencyService,Brokerage,InvestmentStock,null
5ca4bbc7a2dd94ee581625fa,616805,10000,Derivatives,Commodity,InvestmentFund,Brokerage,InvestmentStock
5ca4bbc7a2dd94ee581625fb,183917,10000,CurrencyService,Commodity,InvestmentStock,null,null
5ca4bbc7a2dd94ee581625fc,762459,10000,Derivatives,Commodity,InvestmentStock,null,null
5ca4bbc7a2dd94ee581625fd,633630,10000,Commodity,Brokerage,InvestmentFund,Derivatives,InvestmentStock
5ca4bbc7a2dd94ee581625fe,602560,10000,Brokerage,InvestmentStock,InvestmentFund,null,null
5ca4bbc7a2dd94ee581625ff,344523,10000,InvestmentFund,Derivatives,InvestmentStock,null,null
5ca4bbc7a2dd94ee58162600,986196,10000,Derivatives,InvestmentFund,InvestmentStock,Commodity,null
5ca4bbc7a2dd94ee58162601,898156,10000,InvestmentFund,InvestmentStock,null,null,null
5ca4bbc7a2dd94ee58162602,51080,10000,Commodity,InvestmentStock,null,null,null
5ca4bbc7a2dd94ee58162603,210670,10000,Commodity,Brokerage,Derivatives,CurrencyService,InvestmentStock
5ca4bbc7a2dd94ee58162604,690617,10000,Commodity,InvestmentStock,null,null,null
5ca4bbc7a2dd94ee58162605,225602,10000,InvestmentStock,InvestmentFund,Brokerage,null,null
5ca4bbc7a2dd94ee58162606,501408,10000,InvestmentStock,CurrencyService,Commodity,Derivatives,null
5ca4bbc7a2dd94ee58162607,404845,10000,InvestmentStock,Brokerage,Commodity,CurrencyService,null
5ca4bbc7a2dd94ee58162608,155327,10000,InvestmentStock,CurrencyService,InvestmentFund,Brokerage,null
5ca4bbc7a2dd94ee58162609,418570,10000,Derivatives,CurrencyService,InvestmentStock,null,null
5ca4bbc7a2dd94ee5816260a,895006,10000,Commodity,Derivatives,CurrencyService,InvestmentFund,InvestmentStock
5ca4bbc7a2dd94ee5816260b,607567,10000,Commodity,InvestmentStock,null,null,null
5ca4bbc7a2dd94ee5816260c,429282,10000,InvestmentFund,InvestmentStock,null,null,null
5ca4bbc7a2dd94ee5816260d,181073,10000,Commodity,Brokerage,InvestmentStock,null,null
5ca4bbc7a2dd94ee5816260e,358036,10000,Commodity,InvestmentFund,Derivatives,InvestmentStock,null
5ca4bbc7a2dd94ee5816260f,769877,10000,Derivatives,CurrencyService,InvestmentStock,Brokerage,null
5ca4bbc7a2dd94ee58162610,163788,10000,InvestmentFund,InvestmentStock,null,null,null
5ca4bbc7a2dd94ee58162611,565763,10000,Derivatives,InvestmentFund,InvestmentStock,null,null
5ca4bbc7a2dd94ee58162612,238687,10000,Brokerage,InvestmentFund,CurrencyService,InvestmentStock,null
5ca4bbc7a2dd94ee58162613,618333,10000,Commodity,InvestmentFund,Derivatives,Brokerage,InvestmentStock
5ca4bbc7a2dd94ee58162614,509290,10000,InvestmentStock,Commodity,CurrencyService,Brokerage,null
5ca4bbc7a2dd94ee58162615,935023,10000,CurrencyService,InvestmentStock,null,null,null
5ca4bbc7a2dd94ee58162616,207806,10000,CurrencyService,InvestmentStock,null,null,null
5ca4bbc7a2dd94ee58162617,430152,10000,InvestmentFund,Commodity,InvestmentStock,null,null
5ca4bbc7a2dd94ee58162618,457709,10000,Derivatives,CurrencyService,InvestmentStock,null,null
5ca4bbc7a2dd94ee58162619,380253,10000,Derivatives,Commodity,InvestmentFund,CurrencyService,InvestmentStock
5ca4bbc7a2dd94ee5816261a,391557,10000,Brokerage,CurrencyService,InvestmentStock,null,null
5ca4bbc7a2dd94ee5816261b,280758,10000,InvestmentStock,Derivatives,InvestmentFund,null,null
5ca4bbc7a2dd94ee5816261c,90117,10000,Brokerage,Derivatives,Commodity,InvestmentStock,null
5ca4bbc7a2dd94ee5816261d,867593,10000,Brokerage,InvestmentStock,null,null,null
5ca4bbc7a2dd94ee5816261e,719343,10000,Brokerage,Commodity,InvestmentStock,null,null
5ca4bbc7a2dd94ee5816261f,956881,10000,Commodity,CurrencyService,Derivatives,Brokerage,InvestmentStock
5ca4bbc7a2dd94ee58162620,965514,10000,CurrencyService,Brokerage,InvestmentFund,InvestmentStock,null
5ca4bbc7a2dd94ee58162621,654939,10000,InvestmentFund,InvestmentStock,null,null,null
5ca4bbc7a2dd94ee58162622,973364,10000,Brokerage,Derivatives,InvestmentStock,null,null
5ca4bbc7a2dd94ee58162623,973057,10000,CurrencyService,Commodity,InvestmentStock,null,null
5ca4bbc7a2dd94ee58162624,757619,10000,Brokerage,InvestmentStock,Derivatives,InvestmentFund,null
5ca4bbc7a2dd94ee58162625,741049,10000,Brokerage,InvestmentFund,Derivatives,CurrencyService,InvestmentStock
5ca4bbc7a2dd94ee58162626,899684,10000,InvestmentStock,null,null,null,null
5ca4bbc7a2dd94ee58162627,619693,10000,Commodity,InvestmentFund,InvestmentStock,null,null
5ca4bbc7a2dd94ee58162628,523507,10000,InvestmentFund,Brokerage,Commodity,InvestmentStock,null
5ca4bbc7a2dd94ee58162629,419542,10000,CurrencyService,InvestmentStock,null,null,null
5ca4bbc7a2dd94ee5816262a,356073,10000,Commodity,InvestmentStock,null,null,null
5ca4bbc7a2dd94ee5816262b,351069,10000,CurrencyService,InvestmentStock,null,null,null
5ca4bbc7a2dd94ee5816262c,88799,10000,Commodity,InvestmentStock,null,null,null
5ca4bbc7a2dd94ee5816262d,861121,10000,Brokerage,Derivatives,InvestmentFund,InvestmentStock,null
5ca4bbc7a2dd94ee5816262e,146756,10000,Commodity,InvestmentStock,null,null,null
5ca4bbc7a2dd94ee5816262f,120270,10000,InvestmentFund,Derivatives,InvestmentStock,null,null
5ca4bbc7a2dd94ee58162630,348140,10000,InvestmentStock,Derivatives,InvestmentFund,null,null
5ca4bbc7a2dd94ee58162631,751513,10000,Brokerage,Derivatives,InvestmentStock,null,null
5ca4bbc7a2dd94ee58162632,964509,10000,Derivatives,CurrencyService,InvestmentStock,null,null
5ca4bbc7a2dd94ee58162633,323481,10000,CurrencyService,InvestmentStock,Brokerage,InvestmentFund,null
5ca4bbc7a2dd94ee58162634,916626,10000,InvestmentFund,InvestmentStock,null,null,null
5ca4bbc7a2dd94ee58162635,487210,10000,InvestmentStock,null,null,null,null
5ca4bbc7a2dd94ee58162636,126102,10000,Brokerage,InvestmentStock,null,null,null
5ca4bbc7a2dd94ee58162637,231225,10000,CurrencyService,Commodity,Derivatives,InvestmentStock,null
5ca4bbc7a2dd94ee58162638,894704,10000,Derivatives,InvestmentStock,null,null,null
5ca4bbc7a2dd94ee58162639,207715,10000,Brokerage,InvestmentStock,null,null,null
5ca4bbc7a2dd94ee5816263a,884552,10000,CurrencyService,InvestmentStock,null,null,null
5ca4bbc7a2dd94ee5816263b,987387,10000,Brokerage,InvestmentStock,null,null,null
5ca4bbc7a2dd94ee5816263c,614135,10000,Commodity,Derivatives,CurrencyService,InvestmentFund,InvestmentStock
5ca4bbc7a2dd94ee5816263d,656564,10000,Commodity,InvestmentStock,null,null,null
5ca4bbc7a2dd94ee5816263e,236337,10000,Brokerage,Derivatives,Commodity,InvestmentStock,null
5ca4bbc7a2dd94ee5816263f,533756,10000,InvestmentStock,Brokerage,CurrencyService,null,null
5ca4bbc7a2dd94ee58162640,182094,10000,Brokerage,InvestmentFund,Commodity,InvestmentStock,null
5ca4bbc7a2dd94ee58162641,565145,10000,InvestmentStock,CurrencyService,InvestmentFund,Brokerage,null
5ca4bbc7a2dd94ee58162642,895434,10000,Derivatives,Commodity,InvestmentFund,InvestmentStock,null
5ca4bbc7a2dd94ee58162643,837092,10000,Derivatives,InvestmentStock,null,null,null
5ca4bbc7a2dd94ee58162644,626698,10000,Commodity,InvestmentFund,InvestmentStock,null,null
5ca4bbc7a2dd94ee58162645,401048,10000,Brokerage,Commodity,InvestmentStock,null,null
5ca4bbc7a2dd94ee58162646,851226,10000,CurrencyService,InvestmentFund,InvestmentStock,null,null
5ca4bbc7a2dd94ee58162647,998674,10000,Commodity,Derivatives,CurrencyService,InvestmentStock,null
5ca4bbc7a2dd94ee58162648,577795,10000,CurrencyService,InvestmentFund,Commodity,InvestmentStock,null
5ca4bbc7a2dd94ee58162649,770262,10000,Derivatives,CurrencyService,InvestmentStock,InvestmentFund,null
5ca4bbc7a2dd94ee5816264a,759997,10000,InvestmentStock,Commodity,Derivatives,Brokerage,null
5ca4bbc7a2dd94ee5816264b,273420,8000,InvestmentStock,InvestmentFund,null,null,null
5ca4bbc7a2dd94ee5816264c,749493,10000,Derivatives,InvestmentFund,Commodity,Brokerage,InvestmentStock
5ca4bbc7a2dd94ee5816264d,944895,10000,InvestmentStock,CurrencyService,Derivatives,null,null
5ca4bbc7a2dd94ee5816264e,350181,10000,Commodity,InvestmentStock,null,null,null
5ca4bbc7a2dd94ee5816264f,954254,10000,Brokerage,InvestmentStock,CurrencyService,InvestmentFund,null
5ca4bbc7a2dd94ee58162650,436291,10000,CurrencyService,Commodity,InvestmentStock,null,null
5ca4bbc7a2dd94ee58162651,932130,10000,CurrencyService,Derivatives,InvestmentStock,null,null
5ca4bbc7a2dd94ee58162652,623185,10000,InvestmentStock,Commodity,null,null,null
5ca4bbc7a2dd94ee58162653,582902,10000,Derivatives,Commodity,Brokerage,InvestmentStock,null
5ca4bbc7a2dd94ee58162654,696749,10000,Derivatives,InvestmentStock,null,null,null
5ca4bbc7a2dd94ee58162655,896644,10000,Brokerage,CurrencyService,InvestmentStock,null,null
5ca4bbc7a2dd94ee58162656,527223,10000,InvestmentStock,CurrencyService,InvestmentFund,null,null
5ca4bbc7a2dd94ee58162657,347967,10000,Commodity,CurrencyService,Brokerage,InvestmentStock,null
5ca4bbc7a2dd94ee58162658,389592,10000,Commodity,InvestmentFund,InvestmentStock,null,null
5ca4bbc7a2dd94ee58162659,253017,10000,Brokerage,CurrencyService,InvestmentStock,null,null
5ca4bbc7a2dd94ee5816265a,669029,10000,Brokerage,InvestmentStock,Derivatives,Commodity,null
5ca4bbc7a2dd94ee5816265b,795040,10000,Commodity,InvestmentFund,InvestmentStock,null,null
5ca4bbc7a2dd94ee5816265c,122436,10000,Derivatives,Brokerage,InvestmentStock,null,null
5ca4bbc7a2dd94ee5816265d,957207,10000,CurrencyService,Derivatives,Brokerage,InvestmentFund,InvestmentStock
5ca4bbc7a2dd94ee5816265e,462528,10000,InvestmentStock,Commodity,InvestmentFund,null,null
5ca4bbc7a2dd94ee5816265f,736326,10000,Commodity,InvestmentStock,null,null,null
5ca4bbc7a2dd94ee58162660,553343,10000,Commodity,CurrencyService,Derivatives,InvestmentStock,null
5ca4bbc7a2dd94ee58162661,417993,3000,InvestmentStock,InvestmentFund,null,null,null
5ca4bbc7a2dd94ee58162662,460439,10000,Derivatives,InvestmentStock,null,null,null
5ca4bbc7a2dd94ee58162663,446093,10000,Brokerage,InvestmentStock,CurrencyService,InvestmentFund,null
5ca4bbc7a2dd94ee58162664,190959,10000,InvestmentStock,null,null,null,null
5ca4bbc7a2dd94ee58162665,461793,10000,Commodity,InvestmentFund,InvestmentStock,null,null
5ca4bbc7a2dd94ee58162666,141474,10000,InvestmentFund,InvestmentStock,CurrencyService,null,null
5ca4bbc7a2dd94ee58162667,805151,10000,CurrencyService,Derivatives,InvestmentStock,null,null
5ca4bbc7a2dd94ee58162668,738145,10000,Derivatives,InvestmentStock,InvestmentFund,Commodity,null
5ca4bbc7a2dd94ee58162669,114739,10000,Commodity,InvestmentStock,null,null,null
5ca4bbc7a2dd94ee5816266a,941541,10000,Commodity,InvestmentStock,null,null,null
5ca4bbc7a2dd94ee5816266b,882090,10000,InvestmentStock,Derivatives,null,null,null
5ca4bbc7a2dd94ee5816266c,904392,10000,InvestmentStock,Commodity,Derivatives,InvestmentFund,null
5ca4bbc7a2dd94ee5816266d,312854,10000,Commodity,InvestmentStock,null,null,null
5ca4bbc7a2dd94ee5816266e,210513,10000,Derivatives,InvestmentStock,CurrencyService,InvestmentFund,null
5ca4bbc7a2dd94ee5816266f,912589,10000,Commodity,CurrencyService,InvestmentStock,Derivatives,null
5ca4bbc7a2dd94ee58162670,788012,10000,Brokerage,CurrencyService,InvestmentStock,null,null
5ca4bbc7a2dd94ee58162671,987355,10000,Brokerage,InvestmentStock,null,null,null
5ca4bbc7a2dd94ee58162672,185549,10000,CurrencyService,Brokerage,Derivatives,InvestmentStock,null
5ca4bbc7a2dd94ee58162673,429119,10000,Commodity,InvestmentFund,Derivatives,InvestmentStock,null
5ca4bbc7a2dd94ee58162674,201771,10000,Derivatives,InvestmentStock,null,null,null
5ca4bbc7a2dd94ee58162675,856329,10000,Derivatives,InvestmentStock,Commodity,Brokerage,null
5ca4bbc7a2dd94ee58162676,586861,10000,InvestmentFund,CurrencyService,InvestmentStock,null,null
5ca4bbc7a2dd94ee58162677,753126,10000,InvestmentStock,CurrencyService,Commodity,Derivatives,null
5ca4bbc7a2dd94ee58162678,530132,10000,Derivatives,Brokerage,CurrencyService,InvestmentStock,null
5ca4bbc7a2dd94ee58162679,467666,10000,Brokerage,InvestmentStock,null,null,null
5ca4bbc7a2dd94ee5816267a,58303,10000,CurrencyService,Derivatives,Commodity,InvestmentStock,null
5ca4bbc7a2dd94ee5816267b,216662,10000,Brokerage,InvestmentStock,null,null,null
5ca4bbc7a2dd94ee5816267c,558061,10000,Brokerage,Derivatives,InvestmentStock,null,null
5ca4bbc7a2dd94ee5816267d,766886,9000,Derivatives,Commodity,CurrencyService,InvestmentStock,null
5ca4bbc7a2dd94ee5816267e,118134,10000,InvestmentFund,Brokerage,InvestmentStock,CurrencyService,null
5ca4bbc7a2dd94ee5816267f,178000,10000,Derivatives,InvestmentFund,InvestmentStock,null,null
5ca4bbc7a2dd94ee58162680,692070,10000,InvestmentStock,Brokerage,CurrencyService,null,null
5ca4bbc7a2dd94ee58162681,396162,10000,InvestmentFund,Derivatives,CurrencyService,InvestmentStock,null
5ca4bbc7a2dd94ee58162682,333075,10000,InvestmentStock,Commodity,Brokerage,null,null
5ca4bbc7a2dd94ee58162683,642554,10000,InvestmentFund,CurrencyService,InvestmentStock,null,null
5ca4bbc7a2dd94ee58162684,938988,10000,InvestmentFund,CurrencyService,InvestmentStock,null,null
5ca4bbc7a2dd94ee58162685,981710,10000,Commodity,Derivatives,InvestmentStock,null,null
5ca4bbc7a2dd94ee58162686,550456,10000,Brokerage,Derivatives,CurrencyService,InvestmentStock,null
5ca4bbc7a2dd94ee58162687,94177,10000,InvestmentStock,Derivatives,null,null,null
5ca4bbc7a2dd94ee58162688,122551,10000,Brokerage,InvestmentStock,CurrencyService,null,null
5ca4bbc7a2dd94ee58162689,720906,10000,CurrencyService,InvestmentFund,InvestmentStock,Derivatives,null
5ca4bbc7a2dd94ee5816268a,90414,10000,Derivatives,Brokerage,Commodity,InvestmentFund,InvestmentStock
5ca4bbc7a2dd94ee5816268b,69394,10000,Derivatives,CurrencyService,InvestmentStock,null,null
5ca4bbc7a2dd94ee5816268c,444528,10000,Brokerage,CurrencyService,Derivatives,Commodity,InvestmentStock
5ca4bbc7a2dd94ee5816268d,683393,10000,InvestmentStock,InvestmentFund,null,null,null
5ca4bbc7a2dd94ee5816268e,475604,10000,InvestmentStock,Brokerage,Commodity,InvestmentFund,null
5ca4bbc7a2dd94ee5816268f,623060,10000,Brokerage,InvestmentStock,null,null,null
5ca4bbc7a2dd94ee58162690,988949,10000,Brokerage,Commodity,InvestmentStock,null,null
5ca4bbc7a2dd94ee58162691,962115,10000,CurrencyService,Commodity,Brokerage,InvestmentStock,null
5ca4bbc7a2dd94ee58162692,254176,10000,CurrencyService,Brokerage,Commodity,InvestmentStock,null
5ca4bbc7a2dd94ee58162693,312758,10000,InvestmentFund,Brokerage,InvestmentStock,Derivatives,null
5ca4bbc7a2dd94ee58162694,171769,10000,Commodity,CurrencyService,InvestmentStock,null,null
5ca4bbc7a2dd94ee58162695,979789,10000,InvestmentStock,CurrencyService,InvestmentFund,null,null
5ca4bbc7a2dd94ee58162696,228685,10000,Derivatives,CurrencyService,Brokerage,InvestmentStock,null
5ca4bbc7a2dd94ee58162697,708669,10000,Derivatives,InvestmentStock,null,null,null
5ca4bbc7a2dd94ee58162698,674433,10000,InvestmentFund,CurrencyService,Derivatives,InvestmentStock,null
5ca4bbc7a2dd94ee58162699,733568,10000,InvestmentStock,null,null,null,null
5ca4bbc7a2dd94ee5816269a,326795,10000,Derivatives,Commodity,CurrencyService,InvestmentFund,InvestmentStock
5ca4bbc7a2dd94ee5816269b,807144,10000,Brokerage,CurrencyService,InvestmentStock,null,null
5ca4bbc7a2dd94ee5816269c,995007,10000,CurrencyService,InvestmentStock,null,null,null
5ca4bbc7a2dd94ee5816269d,235286,10000,Brokerage,InvestmentFund,Derivatives,Commodity,InvestmentStock
5ca4bbc7a2dd94ee5816269e,235687,10000,Commodity,InvestmentStock,CurrencyService,Brokerage,null
5ca4bbc7a2dd94ee5816269f,319308,10000,CurrencyService,InvestmentStock,Derivatives,InvestmentFund,null
5ca4bbc7a2dd94ee581626a0,668634,10000,Brokerage,InvestmentStock,null,null,null
5ca4bbc7a2dd94ee581626a1,534355,10000,Derivatives,InvestmentStock,null,null,null
5ca4bbc7a2dd94ee581626a2,297819,10000,Brokerage,InvestmentStock,null,null,null
5ca4bbc7a2dd94ee581626a3,640857,10000,Derivatives,Brokerage,InvestmentFund,InvestmentStock,null
5ca4bbc7a2dd94ee581626a4,741476,10000,Commodity,InvestmentStock,null,null,null
5ca4bbc7a2dd94ee581626a5,815377,10000,Derivatives,CurrencyService,InvestmentStock,null,null
5ca4bbc7a2dd94ee581626a6,150713,10000,InvestmentFund,InvestmentStock,CurrencyService,Brokerage,null
5ca4bbc7a2dd94ee581626a7,668857,10000,InvestmentFund,InvestmentStock,null,null,null
5ca4bbc7a2dd94ee581626a8,56045,10000,InvestmentFund,Brokerage,InvestmentStock,Derivatives,null
5ca4bbc7a2dd94ee581626a9,921272,10000,InvestmentFund,InvestmentStock,null,null,null
5ca4bbc7a2dd94ee581626aa,261962,10000,Commodity,Brokerage,CurrencyService,Derivatives,InvestmentStock
5ca4bbc7a2dd94ee581626ab,152748,10000,Derivatives,CurrencyService,InvestmentStock,Commodity,null
5ca4bbc7a2dd94ee581626ac,472050,10000,InvestmentStock,Derivatives,null,null,null
5ca4bbc7a2dd94ee581626ad,113123,3000,CurrencyService,InvestmentStock,null,null,null
5ca4bbc7a2dd94ee581626ae,769503,10000,Derivatives,Commodity,InvestmentStock,null,null
5ca4bbc7a2dd94ee581626af,674132,10000,Derivatives,Commodity,Brokerage,InvestmentStock,null
5ca4bbc7a2dd94ee581626b0,691740,10000,Brokerage,Commodity,CurrencyService,InvestmentStock,null
5ca4bbc7a2dd94ee581626b1,917549,10000,Brokerage,InvestmentStock,null,null,null
5ca4bbc7a2dd94ee581626b2,469980,10000,Brokerage,InvestmentStock,null,null,null
5ca4bbc7a2dd94ee581626b3,987501,10000,InvestmentStock,CurrencyService,Derivatives,null,null
5ca4bbc7a2dd94ee581626b4,725209,10000,InvestmentFund,Brokerage,InvestmentStock,null,null
5ca4bbc7a2dd94ee581626b5,738462,10000,InvestmentStock,CurrencyService,null,null,null
5ca4bbc7a2dd94ee581626b6,57161,10000,Derivatives,InvestmentStock,null,null,null
5ca4bbc7a2dd94ee581626b7,436090,10000,CurrencyService,InvestmentStock,null,null,null
5ca4bbc7a2dd94ee581626b8,700387,10000,Brokerage,InvestmentStock,null,null,null
5ca4bbc7a2dd94ee581626b9,333315,10000,InvestmentFund,CurrencyService,InvestmentStock,Commodity,null
5ca4bbc7a2dd94ee581626ba,982027,10000,Derivatives,InvestmentStock,CurrencyService,null,null
5ca4bbc7a2dd94ee581626bb,558555,10000,Derivatives,InvestmentStock,null,null,null
5ca4bbc7a2dd94ee581626bc,305286,10000,InvestmentFund,InvestmentStock,null,null,null
5ca4bbc7a2dd94ee581626bd,666856,10000,InvestmentStock,Brokerage,Derivatives,null,null
5ca4bbc7a2dd94ee581626be,551334,10000,Commodity,CurrencyService,InvestmentFund,Derivatives,InvestmentStock
5ca4bbc7a2dd94ee581626bf,868181,10000,Commodity,InvestmentStock,null,null,null
5ca4bbc7a2dd94ee581626c0,82008,10000,InvestmentFund,InvestmentStock,Derivatives,CurrencyService,null
5ca4bbc7a2dd94ee581626c1,768875,10000,Brokerage,InvestmentFund,InvestmentStock,null,null
5ca4bbc7a2dd94ee581626c2,105134,10000,CurrencyService,InvestmentStock,Brokerage,null,null
5ca4bbc7a2dd94ee581626c3,101920,10000,Brokerage,CurrencyService,Derivatives,InvestmentFund,InvestmentStock
5ca4bbc7a2dd94ee581626c4,495198,10000,Commodity,InvestmentStock,InvestmentFund,Brokerage,null
5ca4bbc7a2dd94ee581626c5,129971,10000,InvestmentStock,CurrencyService,Brokerage,Derivatives,null
5ca4bbc7a2dd94ee581626c6,933061,10000,Brokerage,InvestmentFund,CurrencyService,InvestmentStock,null
5ca4bbc7a2dd94ee581626c7,923502,10000,Commodity,Brokerage,InvestmentStock,null,null
5ca4bbc7a2dd94ee581626c8,209755,10000,CurrencyService,InvestmentStock,null,null,null
5ca4bbc7a2dd94ee581626c9,377488,10000,InvestmentFund,Brokerage,InvestmentStock,null,null
5ca4bbc7a2dd94ee581626ca,351905,10000,Brokerage,InvestmentFund,CurrencyService,InvestmentStock,null
5ca4bbc7a2dd94ee581626cb,952430,10000,Derivatives,Commodity,InvestmentStock,null,null
5ca4bbc7a2dd94ee581626cc,837317,10000,Commodity,InvestmentFund,Derivatives,CurrencyService,InvestmentStock
5ca4bbc7a2dd94ee581626cd,62845,10000,CurrencyService,InvestmentFund,Commodity,InvestmentStock,null
5ca4bbc7a2dd94ee581626ce,937618,10000,InvestmentFund,InvestmentStock,null,null,null
5ca4bbc7a2dd94ee581626cf,885723,10000,Commodity,Derivatives,Brokerage,InvestmentFund,InvestmentStock
5ca4bbc7a2dd94ee581626d0,268769,10000,InvestmentStock,Commodity,null,null,null
5ca4bbc7a2dd94ee581626d1,227194,10000,Commodity,InvestmentStock,null,null,null
5ca4bbc7a2dd94ee581626d2,188293,10000,CurrencyService,Brokerage,InvestmentStock,null,null
5ca4bbc7a2dd94ee581626d3,83355,10000,Commodity,CurrencyService,InvestmentStock,null,null
5ca4bbc7a2dd94ee581626d4,179746,10000,InvestmentFund,InvestmentStock,CurrencyService,null,null
5ca4bbc7a2dd94ee581626d5,124603,10000,Commodity,InvestmentStock,null,null,null
5ca4bbc7a2dd94ee581626d6,667074,10000,Brokerage,Derivatives,InvestmentStock,null,null
5ca4bbc7a2dd94ee581626d7,902818,10000,InvestmentFund,Commodity,InvestmentStock,null,null
5ca4bbc7a2dd94ee581626d8,966629,10000,CurrencyService,Derivatives,InvestmentStock,null,null
5ca4bbc7a2dd94ee581626d9,109478,10000,Brokerage,InvestmentStock,null,null,null
5ca4bbc7a2dd94ee581626da,730824,10000,CurrencyService,InvestmentStock,null,null,null
5ca4bbc7a2dd94ee581626db,611998,10000,Brokerage,InvestmentFund,InvestmentStock,null,null
5ca4bbc7a2dd94ee581626dc,258443,10000,Brokerage,InvestmentStock,null,null,null
5ca4bbc7a2dd94ee581626dd,412013,10000,InvestmentFund,Commodity,InvestmentStock,Brokerage,null
5ca4bbc7a2dd94ee581626de,434948,10000,InvestmentStock,InvestmentFund,CurrencyService,Derivatives,null
5ca4bbc7a2dd94ee581626df,182103,10000,CurrencyService,InvestmentStock,null,null,null
5ca4bbc7a2dd94ee581626e0,435187,10000,CurrencyService,InvestmentStock,null,null,null
5ca4bbc7a2dd94ee581626e1,674880,10000,Derivatives,Commodity,InvestmentStock,null,null
5ca4bbc7a2dd94ee581626e2,514049,10000,Commodity,Brokerage,CurrencyService,InvestmentStock,null
5ca4bbc7a2dd94ee581626e3,468638,10000,InvestmentStock,Derivatives,null,null,null
5ca4bbc7a2dd94ee581626e4,587875,10000,CurrencyService,InvestmentStock,null,null,null
5ca4bbc7a2dd94ee581626e5,409753,10000,CurrencyService,Commodity,InvestmentFund,InvestmentStock,null
5ca4bbc7a2dd94ee581626e6,569443,10000,Derivatives,InvestmentFund,CurrencyService,Commodity,InvestmentStock
5ca4bbc7a2dd94ee581626e7,612105,10000,Commodity,InvestmentStock,null,null,null
5ca4bbc7a2dd94ee581626e8,990274,10000,InvestmentFund,Brokerage,Commodity,CurrencyService,InvestmentStock
5ca4bbc7a2dd94ee581626e9,300879,10000,InvestmentFund,Brokerage,InvestmentStock,null,null
5ca4bbc7a2dd94ee581626ea,280906,10000,Brokerage,Derivatives,InvestmentFund,CurrencyService,InvestmentStock
5ca4bbc7a2dd94ee581626eb,692927,10000,InvestmentFund,Derivatives,Brokerage,CurrencyService,InvestmentStock
5ca4bbc7a2dd94ee581626ec,204117,10000,CurrencyService,InvestmentStock,Derivatives,InvestmentFund,null
5ca4bbc7a2dd94ee581626ed,523931,10000,Derivatives,InvestmentStock,null,null,null
5ca4bbc7a2dd94ee581626ee,238139,10000,CurrencyService,InvestmentFund,Brokerage,Commodity,InvestmentStock
5ca4bbc7a2dd94ee581626ef,874413,10000,Commodity,CurrencyService,Derivatives,InvestmentFund,InvestmentStock
5ca4bbc7a2dd94ee581626f0,180092,10000,CurrencyService,InvestmentStock,Brokerage,null,null
5ca4bbc7a2dd94ee581626f1,830030,10000,Brokerage,InvestmentStock,null,null,null
5ca4bbc7a2dd94ee581626f2,473116,10000,InvestmentStock,Commodity,null,null,null
5ca4bbc7a2dd94ee581626f3,969836,10000,Derivatives,InvestmentStock,CurrencyService,InvestmentFund,null
5ca4bbc7a2dd94ee581626f4,518420,10000,InvestmentStock,null,null,null,null
5ca4bbc7a2dd94ee581626f5,214845,10000,Commodity,CurrencyService,Derivatives,InvestmentStock,null
5ca4bbc7a2dd94ee581626f6,809938,10000,CurrencyService,InvestmentStock,null,null,null
5ca4bbc7a2dd94ee581626f7,445713,10000,Commodity,Brokerage,InvestmentStock,null,null
5ca4bbc7a2dd94ee581626f8,950438,10000,InvestmentFund,Commodity,Brokerage,Derivatives,InvestmentStock
5ca4bbc7a2dd94ee581626f9,588012,10000,Derivatives,InvestmentFund,Commodity,InvestmentStock,null
5ca4bbc7a2dd94ee581626fa,351206,10000,Derivatives,CurrencyService,Brokerage,InvestmentStock,null
5ca4bbc7a2dd94ee581626fb,105098,10000,InvestmentFund,Derivatives,Brokerage,InvestmentStock,null
5ca4bbc7a2dd94ee581626fc,402535,10000,Derivatives,InvestmentStock,null,null,null
5ca4bbc7a2dd94ee581626fd,460514,10000,Commodity,InvestmentStock,Brokerage,null,null
5ca4bbc7a2dd94ee581626fe,846426,10000,Commodity,Brokerage,InvestmentStock,null,null
5ca4bbc7a2dd94ee581626ff,667791,10000,Commodity,Derivatives,Brokerage,InvestmentStock,null
5ca4bbc7a2dd94ee58162700,560166,10000,Commodity,InvestmentStock,Derivatives,CurrencyService,null
5ca4bbc7a2dd94ee58162701,614670,10000,CurrencyService,Commodity,InvestmentStock,null,null
5ca4bbc7a2dd94ee58162702,390745,10000,InvestmentStock,null,null,null,null
5ca4bbc7a2dd94ee58162703,123689,10000,Brokerage,InvestmentFund,InvestmentStock,null,null
5ca4bbc7a2dd94ee58162704,182387,10000,InvestmentStock,CurrencyService,null,null,null
5ca4bbc7a2dd94ee58162705,618428,10000,InvestmentStock,CurrencyService,null,null,null
5ca4bbc7a2dd94ee58162706,692687,10000,Commodity,Derivatives,InvestmentStock,null,null
5ca4bbc7a2dd94ee58162707,710568,10000,InvestmentStock,Derivatives,CurrencyService,null,null
5ca4bbc7a2dd94ee58162708,253554,10000,InvestmentFund,Derivatives,InvestmentStock,null,null
5ca4bbc7a2dd94ee58162709,972116,10000,Commodity,Derivatives,InvestmentFund,Brokerage,InvestmentStock
5ca4bbc7a2dd94ee5816270a,510435,10000,Commodity,InvestmentStock,InvestmentFund,CurrencyService,null
5ca4bbc7a2dd94ee5816270b,401997,10000,Derivatives,InvestmentStock,InvestmentFund,Brokerage,null
5ca4bbc7a2dd94ee5816270c,747054,10000,InvestmentStock,Derivatives,InvestmentFund,CurrencyService,null
5ca4bbc7a2dd94ee5816270d,823026,10000,InvestmentStock,null,null,null,null
5ca4bbc7a2dd94ee5816270e,906290,10000,InvestmentFund,InvestmentStock,null,null,null
5ca4bbc7a2dd94ee5816270f,777962,10000,Brokerage,CurrencyService,InvestmentStock,null,null
5ca4bbc7a2dd94ee58162710,541517,10000,Derivatives,InvestmentStock,CurrencyService,Brokerage,null
5ca4bbc7a2dd94ee58162711,897284,10000,CurrencyService,Brokerage,InvestmentFund,InvestmentStock,null
5ca4bbc7a2dd94ee58162712,186687,10000,Derivatives,InvestmentStock,null,null,null
5ca4bbc7a2dd94ee58162713,975329,10000,CurrencyService,Derivatives,InvestmentStock,null,null
5ca4bbc7a2dd94ee58162714,516280,10000,Derivatives,InvestmentStock,null,null,null
5ca4bbc7a2dd94ee58162715,595585,10000,InvestmentFund,Derivatives,InvestmentStock,null,null
5ca4bbc7a2dd94ee58162716,936320,10000,Brokerage,InvestmentStock,Derivatives,Commodity,null
5ca4bbc7a2dd94ee58162717,468861,10000,CurrencyService,Commodity,InvestmentStock,Brokerage,null
5ca4bbc7a2dd94ee58162718,627788,10000,CurrencyService,Brokerage,Commodity,InvestmentStock,null
5ca4bbc7a2dd94ee58162719,392268,10000,Brokerage,Derivatives,Commodity,InvestmentStock,null
5ca4bbc7a2dd94ee5816271a,905866,10000,Brokerage,InvestmentStock,CurrencyService,InvestmentFund,null
5ca4bbc7a2dd94ee5816271b,374953,10000,CurrencyService,InvestmentStock,null,null,null
5ca4bbc7a2dd94ee5816271c,385025,10000,CurrencyService,InvestmentStock,null,null,null
5ca4bbc7a2dd94ee5816271d,323373,10000,InvestmentFund,Brokerage,InvestmentStock,null,null
5ca4bbc7a2dd94ee5816271e,214649,10000,InvestmentFund,InvestmentStock,null,null,null
5ca4bbc7a2dd94ee5816271f,849780,10000,Brokerage,CurrencyService,InvestmentStock,null,null
5ca4bbc7a2dd94ee58162720,165597,10000,InvestmentStock,CurrencyService,Derivatives,null,null
5ca4bbc7a2dd94ee58162721,676471,10000,Brokerage,InvestmentFund,InvestmentStock,null,null
5ca4bbc7a2dd94ee58162722,532811,10000,InvestmentStock,CurrencyService,null,null,null
5ca4bbc7a2dd94ee58162723,657111,10000,Brokerage,InvestmentStock,null,null,null
5ca4bbc7a2dd94ee58162724,896243,10000,InvestmentFund,InvestmentStock,Commodity,Brokerage,null
5ca4bbc7a2dd94ee58162725,459249,10000,InvestmentFund,Derivatives,Commodity,InvestmentStock,null
5ca4bbc7a2dd94ee58162726,265053,10000,CurrencyService,Brokerage,InvestmentStock,InvestmentFund,null
5ca4bbc7a2dd94ee58162727,206656,10000,Commodity,InvestmentStock,Brokerage,null,null
5ca4bbc7a2dd94ee58162728,617621,10000,InvestmentStock,Brokerage,Commodity,null,null
5ca4bbc7a2dd94ee58162729,909802,10000,Derivatives,Commodity,InvestmentStock,CurrencyService,null
5ca4bbc7a2dd94ee5816272a,458381,10000,Derivatives,InvestmentFund,Commodity,Brokerage,InvestmentStock
5ca4bbc7a2dd94ee5816272b,951324,10000,Derivatives,Brokerage,CurrencyService,InvestmentStock,null
5ca4bbc7a2dd94ee5816272c,912610,10000,Brokerage,Derivatives,Commodity,InvestmentStock,null
5ca4bbc7a2dd94ee5816272d,454704,10000,Commodity,CurrencyService,Brokerage,InvestmentStock,null
5ca4bbc7a2dd94ee5816272e,170980,5000,InvestmentFund,Brokerage,CurrencyService,Derivatives,InvestmentStock
5ca4bbc7a2dd94ee5816272f,623937,10000,CurrencyService,InvestmentStock,InvestmentFund,Brokerage,null
5ca4bbc7a2dd94ee58162730,798739,10000,CurrencyService,InvestmentStock,null,null,null
5ca4bbc7a2dd94ee58162731,300714,10000,Commodity,InvestmentStock,Derivatives,Brokerage,null
5ca4bbc7a2dd94ee58162732,246018,10000,Brokerage,Derivatives,Commodity,InvestmentStock,null
5ca4bbc7a2dd94ee58162733,591354,10000,InvestmentStock,Brokerage,null,null,null
5ca4bbc7a2dd94ee58162734,54685,10000,Brokerage,InvestmentStock,null,null,null
5ca4bbc7a2dd94ee58162735,360655,10000,Derivatives,Commodity,InvestmentFund,InvestmentStock,null
5ca4bbc7a2dd94ee58162736,304730,10000,CurrencyService,InvestmentStock,null,null,null
5ca4bbc7a2dd94ee58162737,185394,10000,Derivatives,InvestmentFund,CurrencyService,Commodity,InvestmentStock
5ca4bbc7a2dd94ee58162738,884748,10000,InvestmentFund,InvestmentStock,Derivatives,null,null
5ca4bbc7a2dd94ee58162739,577112,10000,InvestmentStock,null,null,null,null
5ca4bbc7a2dd94ee5816273a,934308,10000,InvestmentStock,Commodity,null,null,null
5ca4bbc7a2dd94ee5816273b,103062,10000,Derivatives,InvestmentStock,null,null,null
5ca4bbc7a2dd94ee5816273c,423202,10000,Brokerage,InvestmentStock,Derivatives,null,null
5ca4bbc7a2dd94ee5816273d,180580,10000,CurrencyService,InvestmentFund,InvestmentStock,null,null
5ca4bbc7a2dd94ee5816273e,477706,10000,Commodity,Brokerage,InvestmentFund,InvestmentStock,null
5ca4bbc7a2dd94ee5816273f,267252,10000,InvestmentFund,Derivatives,CurrencyService,InvestmentStock,null
5ca4bbc7a2dd94ee58162740,51822,10000,Derivatives,Brokerage,Commodity,CurrencyService,InvestmentStock
5ca4bbc7a2dd94ee58162741,668348,10000,Derivatives,InvestmentStock,CurrencyService,null,null
5ca4bbc7a2dd94ee58162742,552174,10000,Derivatives,InvestmentStock,null,null,null
5ca4bbc7a2dd94ee58162743,917475,10000,InvestmentStock,CurrencyService,InvestmentFund,Brokerage,null
5ca4bbc7a2dd94ee58162744,147334,10000,Brokerage,Derivatives,CurrencyService,Commodity,InvestmentStock
5ca4bbc7a2dd94ee58162745,946196,10000,InvestmentFund,InvestmentStock,null,null,null
5ca4bbc7a2dd94ee58162746,70441,10000,InvestmentStock,CurrencyService,Commodity,Brokerage,null
5ca4bbc7a2dd94ee58162747,912196,10000,Derivatives,InvestmentStock,null,null,null
5ca4bbc7a2dd94ee58162748,610738,10000,InvestmentFund,InvestmentStock,null,null,null
5ca4bbc7a2dd94ee58162749,549655,10000,InvestmentFund,InvestmentStock,Commodity,null,null
5ca4bbc7a2dd94ee5816274a,193987,10000,Brokerage,Commodity,InvestmentFund,Derivatives,InvestmentStock
5ca4bbc7a2dd94ee5816274b,508373,10000,InvestmentFund,Brokerage,CurrencyService,Commodity,InvestmentStock
5ca4bbc7a2dd94ee5816274c,778358,10000,Derivatives,CurrencyService,Brokerage,InvestmentStock,null
5ca4bbc7a2dd94ee5816274d,507622,10000,InvestmentStock,Brokerage,Commodity,InvestmentFund,null
5ca4bbc7a2dd94ee5816274e,894281,10000,InvestmentStock,Brokerage,CurrencyService,null,null
5ca4bbc7a2dd94ee5816274f,858202,10000,Brokerage,Derivatives,InvestmentFund,Commodity,InvestmentStock
5ca4bbc7a2dd94ee58162750,337202,10000,Commodity,Brokerage,InvestmentStock,null,null
5ca4bbc7a2dd94ee58162751,177799,10000,Brokerage,InvestmentStock,null,null,null
5ca4bbc7a2dd94ee58162752,808642,10000,Brokerage,InvestmentStock,null,null,null
5ca4bbc7a2dd94ee58162753,505282,10000,Derivatives,InvestmentStock,CurrencyService,Brokerage,null
5ca4bbc7a2dd94ee58162754,853387,9000,Derivatives,InvestmentStock,null,null,null
5ca4bbc7a2dd94ee58162755,245503,10000,CurrencyService,InvestmentStock,null,null,null
5ca4bbc7a2dd94ee58162756,124977,10000,InvestmentStock,Derivatives,null,null,null
5ca4bbc7a2dd94ee58162757,86373,10000,Derivatives,InvestmentFund,CurrencyService,Brokerage,InvestmentStock
5ca4bbc7a2dd94ee58162758,982709,9000,CurrencyService,Derivatives,InvestmentFund,InvestmentStock,null
5ca4bbc7a2dd94ee58162759,691022,10000,Commodity,InvestmentFund,InvestmentStock,null,null
5ca4bbc7a2dd94ee5816275a,198307,10000,InvestmentFund,InvestmentStock,null,null,null
5ca4bbc7a2dd94ee5816275b,312942,10000,CurrencyService,InvestmentStock,null,null,null
5ca4bbc7a2dd94ee5816275c,855290,10000,Commodity,CurrencyService,InvestmentStock,null,null
5ca4bbc7a2dd94ee5816275d,92217,10000,InvestmentStock,null,null,null,null
5ca4bbc7a2dd94ee5816275e,505260,10000,Commodity,CurrencyService,InvestmentStock,null,null
5ca4bbc7a2dd94ee5816275f,288877,10000,InvestmentStock,Brokerage,Commodity,null,null
5ca4bbc7a2dd94ee58162760,575786,10000,Brokerage,InvestmentStock,null,null,null
5ca4bbc7a2dd94ee58162761,111287,10000,Commodity,InvestmentStock,Derivatives,InvestmentFund,null
5ca4bbc7a2dd94ee58162762,646800,10000,Derivatives,Commodity,InvestmentStock,null,null
5ca4bbc7a2dd94ee58162763,667014,10000,InvestmentFund,Commodity,InvestmentStock,null,null
5ca4bbc7a2dd94ee58162764,859762,10000,InvestmentStock,InvestmentFund,Commodity,null,null
5ca4bbc7a2dd94ee58162765,461954,9000,InvestmentStock,Derivatives,InvestmentFund,null,null
5ca4bbc7a2dd94ee58162766,410092,10000,CurrencyService,InvestmentStock,null,null,null
5ca4bbc7a2dd94ee58162767,703331,10000,InvestmentStock,Commodity,Brokerage,CurrencyService,null
5ca4bbc7a2dd94ee58162768,228298,10000,Brokerage,CurrencyService,Derivatives,InvestmentStock,null
5ca4bbc7a2dd94ee58162769,876756,10000,InvestmentStock,InvestmentFund,Brokerage,null,null
5ca4bbc7a2dd94ee5816276a,552022,10000,Brokerage,InvestmentStock,null,null,null
5ca4bbc7a2dd94ee5816276b,591839,10000,Commodity,InvestmentStock,null,null,null
5ca4bbc7a2dd94ee5816276c,519072,10000,Derivatives,InvestmentStock,null,null,null
5ca4bbc7a2dd94ee5816276d,841135,10000,InvestmentFund,CurrencyService,InvestmentStock,null,null
5ca4bbc7a2dd94ee5816276e,581892,10000,InvestmentFund,Brokerage,Commodity,InvestmentStock,null
5ca4bbc7a2dd94ee5816276f,891056,10000,Commodity,InvestmentStock,null,null,null
5ca4bbc7a2dd94ee58162770,238373,10000,Derivatives,InvestmentFund,Brokerage,Commodity,InvestmentStock
5ca4bbc7a2dd94ee58162771,722342,10000,InvestmentStock,null,null,null,null
5ca4bbc7a2dd94ee58162772,662854,10000,InvestmentFund,InvestmentStock,null,null,null
5ca4bbc7a2dd94ee58162773,118623,10000,Commodity,Derivatives,InvestmentStock,null,null
5ca4bbc7a2dd94ee58162774,965232,10000,InvestmentFund,InvestmentStock,null,null,null
5ca4bbc7a2dd94ee58162775,698826,10000,InvestmentFund,InvestmentStock,null,null,null
5ca4bbc7a2dd94ee58162776,524194,10000,CurrencyService,Derivatives,InvestmentStock,null,null
